cattle,B1
clothes,A1
albeit,C2
and,B1
because,A1
but,B1
as,B1
although,B1
close,C2
before,C2
after,C2
eight,A1
eighteen,A1
eleven,A1
eighth,A2
eighty,A2
insofar as,C2
fifteen,A1
five,A1
four,A1
fourteen,A1
fifth,B1
fifty,A2
forty,A2
fourth,A2
hundred,A2
if,B2
however,C2
million,A2
like,B2
or,C1
only,C2
nine,A1
nineteen,A1
one,C1
ninety,A2
ninth,A2
now,B2
once,B2
provided (that),B2
second,C2
politically,C1
plus,B2
seventy,A2
so,A2
seven,A1
seventeen,A1
six,A1
sixteen,A1
ten,A1
thirteen,A1
three,A1
to,B2
seventh,A2
sixth,A2
sixty,A2
that,B2
third,B2
thirty,A2
thousand,A2
since,B2
though,B2
till,B1
zero,B1
while,B2
whereas,B2
twelve,A1
twenty,A1
two,A1
when,B2
where,B2
unless,B1
until,B1
whenever,C2
wherever,B1
whether,B1
yet,C1
caution,C2
advertisement,A2
assert,C1
address,C2
cash,B1
acquire,B2
click,C2
bike,B1
clarification,C1
acknowledge,C1
aid,C1
applaud,C2
cease,B2
carrot,C2
character,C2
ages,B1
bunch,B1
birth,C1
approval,B2
chemical,B2
appearance,B2
assurance,C2
allowance,C1
assistance,B2
assistant,B1
coherence,C2
bestseller,B2
beginner,A2
CD player,A1
browser,B2
backpacker,B1
bumper,B2
cleaner,A2
babysitter,B1
barber,B1
builder,B1
adviser,C1
classic,B2
characteristic,C2
clothing,B2
catering,B2
central heating,B1
boxing,B1
camping,A2
backpacking,B1
booking,B1
animation,B1
allegation,C1
addition,B2
admission,B2
action,C2
collection,B2
calculation,B2
admiration,B2
ambition,B2
appreciation,B2
affection,B2
attraction,C2
celebration,B1
adoption,B2
application,C2
capitalism,C2
archaeologist,C1
clarity,C2
capacity,C1
activity,B2
argument,B2
agreement,B2
arrangement,B2
achievement,B1
adjustment,B2
assessment,B2
amazement,B2
amusement,B2
astonishment,B2
attachment,C2
appointment,C2
blindness,C2
carelessness,B2
cheerfulness,C2
coldness,C2
collector,B2
ancestor,B2
championship,B1
bravery,B2
addiction,B2
abortion,C1
animal,B2
bird,A1
cat,A1
baby,A2
bear,C2
chicken,A2
ant,B1
bat,B1
bee,B1
bug,B2
bull,B1
butterfly,B1
cage,B1
calf,C2
camel,B1
breed,B2
cell,B2
collar,B2
beak,C1
bark,C2
book,B1
camera,A1
album,A2
cartoon,A2
channel,C2
clown,A2
act,C2
ad,B1
advert,B1
article,B1
biography,B1
chapter,B1
chat show,B1
circus,B1
beat,C2
cello,B2
column,C1
bow,C2
art,C1
cable,B2
cinema,C1
brass,C2
ballet,B1
background,B2
accompany,C2
advertise,B1
broadcast,B2
arm,C2
body,C2
accident,A2
back,C2
brain,C1
cold,B1
ache,B2
ankle,B1
bottom,B1
breast,B1
cheek,B1
chin,B1
bite,B2
breakdown,C2
bruise,B2
chest,C2
antibiotic,C2
blister,C2
case,C2
blood,C2
breath,B1
care,C2
cholesterol,C1
aspirin,B1
backache,B1
bandage,B1
bone,B1
bleed,B1
catch,C2
burn,B2
bump,C1
carry,C2
attack,C2
breathe,B1
coat,A1
belt,A2
boot,B1
cap,C1
bracelet,B1
button,B1
badge,B2
bikini,B2
bra,B2
cardigan,B2
answer,B1
capital letter,A2
card,B1
accent,B2
alarm,C2
alphabet,B1
brochure,B1
call,C1
certificate,B1
account,B2
apostrophe,B2
arrow,B2
ban,B2
booklet,B2
chart,B2
colon,B2
appeal,C2
claim,C1
clich,C2
advice,A2
blame,B2
chat,A2
apology,B1
code,C1
apologise,B1
argue,B2
check,B2
cheer,C2
ask,B1
add,B1
announce,B1
approve,B2
amuse,B2
assume,B2
assure,C1
capture,C1
challenge,C2
clarify,C1
allege,C2
agree,C1
admit,B1
advise,B1
beg,B2
boast,C2
burglar,B2
arrest,B2
burglary,B2
centimetre,A2
circle,C2
amount,B1
average,C1
bar,C2
base,C2
block,C2
angle,C1
acre,C2
black,A2
accuracy,B2
colour,C2
blue,C2
brown,A2
blackboard,A2
candidate,B2
branch,B2
chemistry,A2
class,B2
biscuit,A1
caf,A1
barbecue,B1
bean,A2
bottle,A2
bowl,A2
burger,A2
can,B2
canteen,B1
bun,B2
cherry,B2
casserole,C2
bread,A1
butter,A1
beef,B1
broccoli,B1
chewing gum,B1
apple,A1
banana,A1
breakfast,A1
cake,A1
cheese,A1
chocolate,A1
coffee,A1
cereal,C1
chilli,A2
cola,A2
cabbage,B1
coconut,B1
aubergine,B2
appetite,C1
boil,B1
bake,A2
bath,A1
bathroom,A1
bedroom,A1
chair,A1
apartment,A2
armchair,A2
blanket,C2
board,C1
bookcase,A2
bookshelf,A2
castle,A2
ceiling,C2
centre,C2
area,B2
balcony,C2
basin,B1
bin,B1
candle,B1
chest of drawers,B1
barrier,B2
basement,B2
bench,B2
brick,B2
cabinet,B2
cellar,B2
chimney,B2
cloth,B2
cabin,C2
air conditioning,B1
architecture,B1
bed,C2
carpet,A2
atmosphere,B2
bank,B2
cent,A2
cheque,A2
bank account,B1
coin,C2
award,B2
balance,B2
budget,B2
bid,C2
change,B1
borrow,C1
beach,A1
bay,B1
breeze,B1
cave,B1
cliff,B1
coast,B1
atom,B2
berry,B2
bush,B2
carbon footprint,B2
cloud,C2
air,C2
aluminium,B2
carbon,B2
carbon dioxide,B2
carbon monoxide,B2
climate change,B2
astronomy,C2
autumn,A2
climate,C2
acid,B2
coastline,C2
blow,C2
break,C2
attempt,B2
come,B2
behave,B1
adjust,B2
campaign,C1
cling,C2
clean,C2
bring,A2
brush,B2
collect,B2
achieve,B1
attach,C2
avoid,B2
bury,B2
cancel,B1
clear,C1
adapt,B2
adopt,B2
analyse,B2
arrange,B2
assess,B2
burgle,B2
calculate,B2
clutch,C2
choose,A1
climb,B2
approach,B2
attend,B1
babysit,B1
clap,B1
assist,B2
bang,B2
bend,B2
charge,C1
chase,C2
combine,B2
carve,C2
adult,C1
beard,A1
boy,A1
comb,B1
adolescent,C2
beauty,B1
childhood,B1
bit,A2
chance,B2
bully,C1
anger,B2
anxiety,B2
certainty,C2
charisma,C2
attitude,B1
charm,C2
belong,B2
blush,B2
believe,A2
bother,B2
annoy,B1
attract,B1
admire,B2
appreciate,C2
betray,B2
cheat,B2
capital,A2
citizen,B2
chancellor,C2
birthday,A1
brother,A1
aunt,A2
boyfriend,A2
anniversary,B1
bride,B1
ceremony,B1
affair,B2
bond,C2
brother-in-law,B2
celebrate,B1
bag,A1
ball,A1
box,A2
board game,A2
bookshop,A2
basket,B1
captain,B2
chain,B2
champion,C2
checkout,B1
brand,B2
catalogue,B2
business,B1
badminton,A2
chess,A2
athletics,B1
basketball,A1
baseball,A2
appear,B2
browse,B2
CD,A1
backup,B2
bookmark,B2
bulb,B2
chip,B2
access,B2
broadband,B2
CD-ROM,B1
boat,A1
bus,A1
car,A1
aeroplane,A2
airport,A2
bicycle,A2
bus station,A2
bus stop,A2
car park,A2
coach,B2
brake,B2
cab,B1
campsite,B1
check-in (desk),B1
check-in (counter),B1
aircraft,B2
carriage,C2
baggage,C2
adventure,A2
camp,B1
accelerate,C2
boss,A2
businessman,A2
businesswoman,A2
agency,C1
architect,B1
career,C2
agent,B2
analyst,B2
chief,B2
client,B2
appoint,C1
build,A2
cigarette,A2
addict,B2
cancer,B1
abuse,C2
alcohol,A2
champagne,A2
bacon,B1
beer,A1
cathedral,A2
church,A2
bribe,C1
bomb,B1
arrival,C2
acquaintance,C1
appliance,C1
alliance,C2
annoyance,C1
acceptance,C1
attendance,C1
coincidence,B2
baker,B1
blogger,B1
border,B1
butcher,B1
buyer,B1
banker,B2
climbing,A2
advertising,B2
banking,B2
coaching,B2
backing,C2
association,C2
collocation,B2
accusation,C1
assumption,C1
audition,C1
allocation,C2
accommodation,B1
attention,B1
administration,C1
aggression,C1
civilization,C1
anticipation,C2
combination,B2
adaptation,C1
alteration,C1
auction,C1
cancellation,C1
collaboration,C1
accumulation,C2
classification,C2
artist,A2
chemist,B1
celebrity,B1
authority,C1
availability,B2
charity,C2
ability,B1
capability,C1
ambiguity,C2
alternative,B2
authorize,C1
announcement,B1
amendment,C1
awareness,C1
closeness,C1
clumsiness,C2
author,B1
calculator,B1
ambassador,B2
administrator,C1
anchor,C2
bomber,C2
alcoholic,C2
child,A1
city,A1
classroom,A1
clock,A1
actor,A2
adjective,A2
adverb,A2
alarm clock,A2
ambulance,A2
balloon,A2
battery,A2
bill,A2
bridge,C2
calendar,A2
century,A2
chef,A2
classmate,A2
colleague,A2
accountant,B1
age,C2
aim,B1
airline,B1
antique,B1
athlete,B1
backpack,B1
bell,B2
blog,B1
bucket,B1
canal,B1
cashpoint,B1
clinic,B1
aspect,B2
bakery,B2
bargain,B2
basis,C1
battle,C2
beam,B2
billion,B2
blade,B2
bonus,B2
breakthrough,B2
bullet,B2
carnival,B2
category,B2
cause,C2
cemetery,B2
clause,B2
clue,B2
accessory,C1
agenda,C2
ally,C2
amateur,C1
asset,C1
assignment,C1
avenue,C2
boundary,C1
bracket,C1
bubble,C2
burden,C1
chore,C1
advocate,C2
arch,C2
assembly,C2
attribute,C2
band,C2
barn,C2
bet,C2
blend,C2
buzz,C2
chill,C2
circuit,C2
civilian,C2
clash,C2
biology,A2
behaviour,B1
absence,B2
agriculture,B2
cardboard,B2
centigrade,B2
chaos,B2
applause,C1
archaeology,C1
coal,C1
artificial intelligence,C2
awe,C2
blackmail,C2
bribery,C2
bureaucracy,C2
afternoon,A1
April,A1
August,A1
building,A2
college,A2
advantage,B2
benefit,B2
cod,B1
advance,B2
analysis,B2
belief,C2
campus,B2
collapse,C2
analogy,C2
bias,C2
burial,C2
cargo,C2
catastrophe,C2
belongings,B2
bacteria,C1
begin,A2
arrive,A2
apply,C1
arise,C1
beware,C1
collaborate,C1
coincide,C2
buy,A1
allow,C2
abandon,C1
abolish,B2
absorb,C1
accept,B2
accuse,B2
affect,B2
boost,B2
chop,B2
accomplish,C1
allocate,C1
anticipate,C1
assign,C1
associate,C1
attain,C1
classify,C1
alert,C2
amend,C2
arouse,C2
assemble,C2
bind,C2
alter,B2
blink,B2
bounce,B2
burst,B2
chew,B2
accumulate,C1
broaden,C1
cater,C1
air force,B1
angel,B1
barman,B1
chapel,C2
bombing,B2
assault,C2
combat,C2
boiling,B2
adjacent,C2
awesome,C2
big,C1
cast,C2
acceptable,C1
capable,B2
available,A2
clinical,C2
alphabetical,B2
additional,B2
artificial,C2
beneficial,B2
coastal,B2
arrogant,B2
animated,C2
addicted,B2
advanced,B1
boiled,A2
canned,B2
bored,A1
amazed,B1
annoyed,B1
ashamed,B1
amused,B2
astonished,B2
bad-tempered,B2
bothered,B2
closed,C2
adopted,B2
better,A2
beautiful,A1
colourful,B2
careful,A2
cheerful,B2
artistic,B2
chronic,C2
basic,B1
authentic,C1
academic,C2
apologetic,C2
charismatic,C2
atomic,B2
automatic,C2
amazing,B1
amusing,B1
appalling,C2
boring,A1
annoying,B1
charming,B1
astonishing,B2
caring,B2
circulation,C2
childish,B2
capitalist,C2
active,C1
attractive,B2
aggressive,C1
assertive,C2
careless,B1
actually,B2
badly,B2
certainly,A2
clearly,B1
absolutely,B1
admittedly,B2
alternatively,B2
apparently,B2
basically,C1
approximately,B1
adequately,B2
barely,B2
brightly,B2
beautifully,B1
amazingly,B1
angrily,B1
bravely,B1
aggressively,B2
anxiously,B2
boldly,B2
brilliantly,B2
calmly,B2
carelessly,B2
cheerfully,B2
closely,C1
automatically,B2
anxious,B2
adventurous,B2
ambitious,B2
cautious,B2
bloody,C2
chatty,C1
bulky,C1
cloudy,A2
biological,B2
abstract,B2
audience,B2
choir,B2
all right,B1
alright,B1
alive,C2
asleep,B1
awake,B1
blind,B1
casual,C2
brief,B1
absolute,B2
clichd,C2
coherent,C2
anyway,B1
besides,B1
anyhow,C1
bad,C1
best,B1
bright,B2
brilliant,B1
broken,A2
accurate,B1
ancient,B1
awful,B1
blank,C2
bold,B2
brand new,B1
broad,B1
clever,B1
absurd,B2
adequate,B2
appropriate,B2
approximate,B2
bare,C2
bizarre,B2
breathtaking,B2
circular,C2
abnormal,C1
bland,C2
bleak,C2
above,C2
below,C2
across,A2
anywhere,A2
around,C2
away,C2
apart,B2
behind,C2
alongside,C1
beyond,C2
be,A2
bitter,B2
affluent,C1
bankrupt,C1
calm,B1
arid,C2
bronze,C2
choice,B1
aged,A2
blonde,A2
awkward,C2
afraid,B1
angry,A2
brave,B1
certain,B1
aware,B2
clumsy,B2
anti-social,C1
able,C2
abrupt,C2
affectionate,C2
blunt,C2
club,B1
bound,C1
abroad,B1
aboard,C1
busy,A2
breakable,B2
affordable,C1
changeable,C1
accountable,C2
attainable,C2
annual,B1
central,C2
accidental,B2
analytical,C1
bilingual,C1
brutal,C1
classical,C2
abandoned,B2
armed,B2
balanced,B2
accepted,C1
acclaimed,C1
alleged,C1
biased,C1
allied,C2
broadminded,C2
accessible,C2
athletic,B2
chaotic,C1
burning,B1
challenging,B1
alarming,C1
beginning,A2
aspiration,C2
addictive,C1
administrative,C1
abusive,C2
carefully,A2
accurately,B1
briefly,B1
accidentally,B2
actively,B2
additionally,B2
annually,B2
appropriately,B2
artificially,B2
casually,B2
broadly,C1
ambiguous,C2
analogous,C2
anonymous,C2
bossy,B2
cheeky,B2
chilly,C1
cheap,C1
alone,C2
absent,B1
alike,B2
bald,B1
actual,B2
apparent,C1
ample,C1
civil,C1
ahead,C2
arbitrary,C2
backward,C2
carefree,C2
about,B2
again,A2
also,A1
always,B2
a.m.,A1
afterwards,A2
ago,A2
all,B1
almost,A2
already,B1
anymore,A2
along,B2
aloud,B1
altogether,B2
any,B1
backwards,B1
aside,B2
between,C1
abruptly,C2
allegedly,C2
circumstance,B2
army,C2
bundle,C2
casualty,C2
closure,C2
alternate,C1
establishment,C1
contract,C2
conclude,C1
exam,A2
discipline,C2
expenditure,C2
ensure,B2
descend,B2
dad,A1
fancy,C2
depart,B1
duration,C1
elapse,C2
excel,C2
consume,C1
comprise,C1
desire,C1
employ,C1
engage,C1
enhance,C1
evaluate,C1
facilitate,C1
compromise,C2
deem,C2
disclose,C2
endorse,C2
enjoy,C2
eradicate,C2
erode,C2
examine,C2
exemplify,C2
exercise,C2
commence,C2
crush,C2
dump,C2
devil,C2
disapproval,C1
dismissal,C1
dissatisfaction,B2
disability,B2
disagreement,B2
dishonesty,B2
disorder,C2
disagree,B1
discourage,C2
disrespect,C1
disgust,C2
disapprove,B2
dislike,B2
commercial,C2
criminal,B2
disposal,B2
conference,B1
confidence,C2
dancer,A2
examiner,B1
cooker,A2
dishwasher,B1
customer,A2
diver,B1
consumer,B2
defender,B2
counter,C2
computer,A1
farmer,A2
employer,B1
ending,B1
crossing,C1
farming,B1
composition,C2
edition,B2
exhibition,B1
condition,C2
complexion,C2
complication,C2
constitution,C2
examination,B2
construction,B2
definition,C1
expression,B2
communication,B1
conversation,A1
description,B1
discussion,B1
explanation,B1
confession,B2
confirmation,B2
conviction,C2
devastation,C2
concession,C2
depression,C2
conservation,C1
evolution,B2
decision,B1
cooperation,B2
contribution,B2
demonstration,C1
disposition,C2
determination,B2
exhaustion,B2
confusion,B2
election,B1
competition,B2
division,B2
destination,B1
expedition,B1
connection,B2
congestion,C1
criticism,B2
cyclist,B1
creativity,B2
curiosity,B2
community,B2
electricity,A2
entertainment,B1
encouragement,B2
development,C2
disappointment,B1
excitement,B1
enjoyment,B2
commitment,B2
embarrassment,B2
equipment,B1
employment,B1
consciousness,C1
eagerness,B2
coolness,C2
escalator,B2
competitor,B1
director,B1
counsellor,C2
enquiry,C2
delivery,B1
discovery,C1
contraception,C2
extremist,C2
contraceptive,C2
cow,A1
dog,A1
dinosaur,A2
duck,A2
elephant,A2
creature,B1
dolphin,B1
donkey,B1
crocodile,B2
deer,B2
eagle,B2
egg,B2
cry,C2
comic,B1
concert,A2
dance,B1
drum,A2
disc,C2
display,C2
documentary,B1
episode,B2
extra,C1
culture,B1
coverage,C1
comedy,B1
drama,B1
craft,B2
contents,B2
compose,B2
conduct,B2
ear,A1
eye,A1
face,B2
cough,B1
cut,C1
diet,B1
elbow,B1
cure,C1
dose,B2
drug,B2
eyebrow,B2
eyelid,B2
corpse,C2
donor,C2
eyesight,B2
digestion,C1
diarrhoea,C2
disease,B1
earache,B1
deodorant,C1
diagnosis,C2
do,B2
faint,B2
digest,C1
diagnose,C2
develop,C2
conceive,C2
dress,B2
earring,A2
costume,B2
cross,C2
document,B1
envelope,A2
comma,B1
comment,B2
consonant,B1
demand,B2
diagram,B1
entry,B1
excuse,B2
command,C2
dash,C2
draft,C1
exclamation mark,B2
contact,C2
data,B2
complaint,C1
defence,C1
emphasis,B2
dialect,C2
dialogue,C2
dispute,C2
directions,A2
complain,B1
count,C2
communicate,B2
describe,A2
discuss,A2
convince,B1
date,C1
encourage,B1
confirm,B2
defend,C1
define,B2
deny,B2
emphasize,B2
expose,B2
express,B2
condemn,C2
explain,A2
confess,B2
decline,B2
enquire,B2
exclaim,C2
crime,B1
custody,C2
court,B2
convict,C2
degree,B2
dozen,B1
drop,C1
curve,B2
diamond,B2
dimension,B2
fake,C2
cream,B1
depth,C2
distance,B2
couple,B1
extent,B2
course,C2
dictionary,A1
diploma,A2
curriculum,B1
exchange,B2
credit,B2
dissertation,C1
fail,B2
cup,B1
dish,A2
core,C2
fast food,A2
corn,B1
dinner,A1
drink,A2
curry,A2
dessert,A2
courgette,B1
cucumber,B1
fat,B2
dice,C2
desk,A1
dining room,A1
door,A1
farm,A1
cupboard,A2
curtain,A2
drawer,A2
entrance,C2
exit,B1
cottage,B1
cushion,C2
dustbin,B1
duvet,B1
corridor,B2
estate,B2
doorway,C2
facilities,B1
dollar,A1
euro,A2
exchange rate,B1
debit,B2
debt,B2
economy,B2
crash,C1
cover,C1
currency,B1
expense,B2
disposable income,C2
expenses,C1
compensate,C2
continent,B1
district,B1
earthquake,B2
element,B2
countryside,A2
copper,B2
daylight,B2
earth,B2
coral,C2
desert,A2
dawn,B2
erupt,C2
experiment,C2
estimate,B2
consumption,C1
effort,B1
conflict,B2
escape,C2
fall,C2
cooperate,B2
cope,B2
crawl,C2
complete,B1
copy,B2
control,C1
create,B1
damage,B1
decorate,B1
design,C1
destroy,B1
discover,B1
construct,B2
demolish,C2
deprive,B2
dip,B2
disrupt,B2
distinguish,B2
distract,B2
distribute,C1
disturb,C2
drag,C2
enable,B2
exploit,B2
explore,B2
extend,B2
extract,B2
decide,C2
delay,B1
end,B2
connect,C2
continue,B1
deliver,C1
dig,B1
divide,C1
fasten,B1
convert,C2
crack,C2
dominate,C1
elegance,C1
dream,B1
experience,B1
coward,B2
extrovert,C1
fanatic,C2
comfort,C2
courage,B2
courtesy,B2
despair,B2
disgrace,B2
enthusiasm,B2
envy,B2
faith,B2
fame,B2
distress,C2
drive,C2
enterprise,C2
dignity,C2
diplomacy,C2
empathy,C2
doubt,C1
concern,C1
cruelty,B2
delight,B2
emotion,B2
disappoint,B1
confuse,B2
draw,C1
endure,B2
corrupt,C1
declaration,C1
deputy,C1
coup,C2
delegation,C2
democracy,B2
daughter,A1
father,A1
cousin,A2
enemy,B2
companion,B2
darling,B2
daughter-in-law,B2
father-in-law,B2
company,B2
divorce,B2
doll,A1
department store,A2
contest,B1
defeat,B2
cricket,C2
extreme sports,B1
export,B2
eliminate,C1
DVD,A1
disk,B1
download,B1
cursor,B2
database,B2
desktop,B2
device,B2
cookie,C2
dot,B2
failure,B2
equip,B2
driving licence,A2
cruise,B2
crossroads,B2
cycle,B2
deck,B2
customs,B1
diesel,C1
departure,B1
commute,C1
divert,C2
day,A2
employee,B1
deadline,B2
deal,B2
counterpart,C1
executive,C1
developer,C2
duty,B2
disappearance,B2
distraction,C1
disruption,C1
disadvantage,B1
discontent,C1
discrimination,C1
displacement,C1
discomfort,C2
disappear,B2
discriminate,C2
dismiss,C1
displace,C1
distort,C1
disqualify,C2
disturbance,C2
dominance,C2
endurance,C2
consultant,B2
contestant,C1
consequence,B2
convenience,C1
existence,C1
difference,C2
competence,C1
driver,A1
designer,B2
composer,B2
container,B2
dealer,B2
determiner,B2
entertainer,B2
commander,C2
craving,C2
cooking,A2
engineering,B1
counselling,C2
drawing,A2
conclusion,C2
direction,C2
conjunction,B2
consideration,C2
explosion,C1
extension,B2
convention,C1
equation,C1
consultation,C2
contradiction,C2
concentration,C2
decoration,B2
destruction,B2
expansion,B2
completion,C1
corruption,C1
cultivation,C1
distribution,C1
domination,C1
erosion,C2
extinction,C1
distinction,C2
elimination,C2
correction,B1
creation,B2
donation,B2
exception,B2
emission,C1
evaluation,C1
exaggeration,C1
exploration,C1
conception,C2
confrontation,C2
conversion,C2
dentist,A2
economist,B2
environmentalist,C1
facility,B2
equality,B2
complexity,C2
continuity,C2
credibility,C2
comparative,C1
explosive,C2
darkness,B2
effectiveness,C1
fairness,C1
craziness,C2
doctor,A1
conductor,B2
editor,B2
emperor,C1
difficulty,B2
country,A1
credit card,A1
email,A2
example,B2
factory,A1
cook,A2
corner,C2
diary,A2
digital camera,A2
disco,A2
discount,A2
engine,A2
engineer,A2
fact,B2
fan,B1
count noun,B1
crop,B1
CV,B1
danger,B1
definite article,B1
deposit,C2
detail,B1
detective,B1
disc jockey,B1
DJ,B1
edge,B2
embassy,B1
essay,B1
event,B1
expert,B2
fair,C1
fare,B1
concept,B2
county,B2
critic,C1
debit card,B2
decade,B2
dilemma,B2
diplomat,B2
dive,B2
electrician,B2
environment,B2
equal,B2
era,B2
factor,B2
fate,B2
commodity,C1
component,C1
criterion,C1
cutback,C1
debut,C1
defect,C1
deficit,C1
delegate,C2
destiny,C1
directory,C1
dock,C1
domain,C1
draught,C1
drawback,C1
empire,C1
equivalent,C1
exhibit,C2
exterior,C1
comeback,C2
compliment,C2
constraint,C2
crackdown,C2
creep,C2
descendant,C2
deterrent,C2
drain,C2
echo,C2
embrace,C2
entity,C2
dancing,A1
cycling,A2
east,A2
common sense,B1
cotton,B1
dirt,B1
diving,B1
dust,B1
economics,B1
energy,B1
fashion,B1
commerce,B2
concrete,C2
daytime,B2
denim,B2
ease,B2
efficiency,B2
electronics,B2
evidence,C2
consent,C2
daycare,C1
dedication,C1
exposure,C1
cutlery,C2
decay,C2
dependence,C2
desperation,C2
discretion,C2
dismay,C2
DNA,C2
doom,C2
December,A1
evening,A1
cost,B2
custom,B1
death,B1
decrease,B1
effect,B1
emergency,B1
comparison,B2
context,C1
contrast,C2
crab,B2
crisis,B2
debate,C2
disaster,B2
disguise,C2
error,B2
evil,B2
fantasy,B2
controversy,C1
deduction,C2
deficiency,C2
density,C1
fabric,C1
conscience,C2
deception,C2
denial,C2
deprivation,C2
drought,C2
endeavour,C2
famine,C2
earnings,B2
content,C2
downside,C1
die,A1
eat,A1
compete,B2
concentrate,B1
exist,C1
correspond,B2
demonstrate,C2
differ,B2
emerge,C1
comply,C1
daydream,C1
deteriorate,C1
drift,C2
expire,C2
contain,C2
declare,B2
delete,B1
deserve,B1
direct,C1
enter,C1
expect,B2
commit,C2
congratulate,B2
deceive,B2
edit,B2
educate,B2
enclose,C1
encounter,B2
compile,C1
complicate,C1
consider,C2
constitute,C1
consult,C1
convey,C1
cultivate,C2
detect,C1
determine,C1
enforce,C1
enrich,C1
envisage,C1
envision,C1
exceed,C1
exclude,C1
exhaust,C1
fascinate,C1
commemorate,C2
conceal,C2
confine,C2
confront,C2
constrain,C2
contemplate,C2
contradict,C2
crave,C2
curb,C2
dazzle,C2
deduce,C2
defy,C2
depict,C2
devise,C2
differentiate,C2
dread,C2
earn,C2
embarrass,C2
embody,C2
emit,C2
equate,C2
execute,C2
dry,C2
compare,B1
dial,B1
entertain,B1
explode,B1
contribute,C1
cool,C2
donate,C1
double,B2
expand,B2
fade,B2
conquer,C1
deepen,C2
diminish,C1
exaggerate,C1
crumble,C2
dim,C2
dissolve,C2
fantastic,A2
empirical,C2
evidently,B2
evident,B2
deceased,C2
due,C2
dead,C2
faraway,C2
disabled,B1
disorganized,B2
dissatisfied,B2
disrespectful,C2
dishonestly,C1
dishonest,B2
comfortable,C2
comparable,C1
enjoyable,B1
desirable,B2
cultural,B1
critical,C2
dental,B2
fatal,B2
facial,C2
exceptional,C2
educational,B2
economical,B2
environmental,B1
ecological,B2
emotional,B2
cynical,C2
constitutional,C2
digital,B1
electrical,C1
dominant,C2
engaged,B1
damaged,B1
decaffeinated,C2
detached,C2
depressed,C2
excited,A1
confused,B2
delighted,B1
disappointed,B1
embarrassed,B1
exhausted,B1
experienced,B1
concerned,C2
convinced,B2
determined,B2
devoted,B2
distinguished,B2
fascinated,B2
committed,C2
conceited,C2
dignified,C2
elated,C2
developed,B2
divorced,B1
different,B1
confident,B2
competent,C1
delightful,B2
dreadful,B2
doubtful,B2
compatible,C2
domestic,B2
economic,B2
dynamic,C2
energetic,B2
enthusiastic,B2
democratic,B2
electric,C2
electronic,B1
disgusting,B1
exciting,A1
confusing,B1
disappointing,B1
easygoing,B1
embarrassing,B1
depressing,B2
distressing,B2
encouraging,B2
exhausting,B2
fascinating,B2
developing,B2
education,B1
expectation,B2
corporation,B2
decorative,B2
extensive,B2
creative,B1
competitive,B2
cooperative,B2
decisive,C1
expressive,C2
criticize,B2
especially,B2
completely,B1
exactly,B2
extremely,B1
consequently,B2
deeply,B2
desperately,B2
entirely,B2
extraordinarily,B2
fantastically,B2
fairly,B2
densely,B2
ecologically,B2
environmentally,B2
elegantly,B2
cowardly,B2
curiously,B2
dangerously,B1
excitedly,B1
confidently,B2
creatively,B2
cruelly,B2
eagerly,B2
emotionally,B2
enthusiastically,B2
electronically,B2
conscious,C1
enormous,B1
disastrous,C1
fabulous,C1
famous,A1
dangerous,A2
curious,B1
conscientious,C1
courageous,C1
courteous,C2
dirty,A2
curly,B1
comedian,B2
deaf,B1
dizzy,B2
dumb,C1
eyelash,B2
complex,C2
dear,B2
down,C1
far,B2
dark,C1
deep,C2
excellent,A2
exact,B1
extraordinary,B1
FALSE,C1
decent,B2
delicate,C2
dense,B2
distant,C2
entire,B2
extreme,C2
dull,C1
crisp,C2
dated,C2
defective,C2
desperate,C2
elaborate,C2
else,A2
elementary,B1
dairy,B2
downstairs,B1
extravagant,C2
damp,B2
environmentally friendly,B2
ecology,C1
elderly,B1
elegant,B2
crazy,B2
cruel,B1
difficult,B1
eager,B2
devastated,C1
defensive,C2
diplomatic,C2
eccentric,C2
eminent,C2
contempt,C2
council,B2
family,B1
Dr,A2
committee,B2
crew,B2
drunk,B2
disposable,C2
disloyal,C2
disadvantaged,C1
disgusted,C1
disillusioned,C2
disruptive,C2
fashionable,B1
considerable,B2
essential,C2
controversial,B2
conventional,B2
crucial,B2
external,B2
confidential,C1
continental,C2
ethical,C2
experimental,C2
crowded,A2
dressed,B1
complicated,B1
detailed,B2
divided,B2
educated,B2
endangered,B2
estimated,B2
disturbed,C2
engrossed,C2
convenient,B1
efficient,B1
dependent,B2
consistent,C2
faithful,C2
eventful,C2
edible,C1
eligible,C1
dramatic,B2
exotic,B2
ethnic,C1
demanding,B2
entertaining,B2
existing,B2
convincing,C1
comforting,C2
corresponding,C2
cunning,C2
disturbing,C2
fascination,C1
diversity,C1
expensive,A1
communicative,B2
effective,B2
exclusive,C1
comprehensive,C1
conservative,C1
constructive,C1
distinctive,C1
excessive,C1
exhaustive,C1
compulsive,C2
conclusive,C2
consecutive,C2
elusive,C2
endless,B2
countless,C1
daily,A2
easily,C1
correctly,B1
definitely,B1
differently,B1
directly,B2
comfortably,B2
considerably,B2
constantly,B2
continuously,B2
conveniently,B2
critically,B2
culturally,B2
currently,B2
deliberately,B2
dramatically,B2
effectively,C2
efficiently,B2
equally,C1
essentially,B2
eventually,B2
commonly,C1
comprehensively,C1
continually,C1
exclusively,C1
conclusively,C2
consistently,C2
diplomatically,C2
department,A2
delicious,B1
continuous,B2
dusty,B1
contradictory,C2
easy,A1
fast,C2
correct,B2
early,B1
empty,C1
common,C1
cosy,B1
duty-free,B1
eastern,B2
face-to-face,B1
familiar,B1
compulsory,B2
constant,C2
contemporary,B2
current,B2
deadly,B2
definite,B2
deliberate,B2
diverse,B2
expected,B2
considerate,C1
continual,C1
corporate,C1
cosmopolitan,C1
customary,C1
cutting-edge,C1
day-to-day,C1
dedicated,C2
deprived,C1
deserted,C1
devastating,C2
distinct,C2
distressed,C1
down-to-earth,C1
downward,C1
drastic,C1
dual,C1
excess,C1
extinct,C1
complimentary,C2
contrary,C2
crude,C2
dazed,C2
dazzling,C2
deceptive,C2
definitive,C2
detrimental,C2
discreet,C2
dubious,C2
eventual,C2
explicit,C2
exquisite,C2
enough,B2
even,B1
ever,A2
everywhere,A2
either,B1
face to face,B1
elsewhere,B2
downwards,C1
drastically,C1
exceptionally,C1
decisively,C2
downhill,C2
crowd,C1
elite,C1
consensus,C2
crystal,C2
essence,C2
exile,C2
drown,C2
elect,B2
entitle,C1
establish,C2
dictate,C1
evolve,C1
concede,C2
goalkeeper,B1
grant,B2
gender,B2
guy,A2
guts,C2
granddad,A2
grandma,A2
grandpa,A2
granny,A2
insert,C1
inhabit,C2
garment,C1
infant,C2
inquiry,C2
infer,C2
gang,C2
heaven,B2
get,B2
hit,C2
intolerance,C2
impatience,C2
intruder,C2
installation,C1
interaction,C1
import,C2
insomnia,C2
invade,C2
introvert,C2
input,B2
interval,C2
interfere,C1
intervene,C2
guidance,B2
insurance,B2
ignorance,C2
independence,B2
intelligence,B2
innocence,C2
influence,B2
freezer,B1
heater,B1
helper,B2
footballer,A2
firefighter,B1
feeling,B2
greeting,B1
handwriting,B1
heating,A2
funding,C1
ironing,B1
fighting,B2
fishing,A2
ice skating,B1
illustration,C2
infection,B2
introduction,C1
identification,B2
information,A2
invitation,C2
institution,C2
inflation,B2
invasion,C2
impression,B2
imagination,B1
frustration,B2
inspiration,C2
irritation,C2
generation,B2
immigration,B2
generosity,B2
hostility,C2
humanity,C2
humility,C2
integrity,C2
identity,B2
hospitality,C1
imprisonment,C2
investment,B2
fulfilment,C2
government,B2
illness,B2
fitness,B1
happiness,B1
greatness,B2
investor,B2
instructor,B1
inspector,B2
friendship,B1
fish,B1
horse,A1
insect,A2
fly,C2
frog,B1
giraffe,B1
goat,B1
feather,B2
fox,B2
horn,C2
fur,B1
film,C2
guitar,A1
instrument,C2
festival,B1
flute,B1
gallery,B1
headline,B1
hero,B1
guest,B2
image,C2
issue,C2
index,C1
feature,C2
flashback,C2
house,C2
hip-hop,A2
fiction,C1
folk,B1
harmony,C2
graphics,B1
go,C2
foot,B1
hand,B1
head,C2
finger,A2
headache,A2
heart,B2
forehead,B1
heart attack,B1
human,B1
fingernail,B2
gum,B2
heel,B2
hip,B2
gene,C1
fist,C2
health,A2
flu,B1
health care,C1
fever,C2
injury,B2
immune system,C2
hurt,B1
freeze,B2
have,B1
infect,C2
heal,B2
hat,A1
glove,A2
handbag,A2
helmet,B2
hood,B2
gear,B2
glasses,A1
file,A2
form,C2
ID card,A2
figure,C2
full stop,B1
guess,B1
identity card,B1
interview,B1
fight,B2
first language,B2
graph,B2
handout,B2
hint,B2
hyphen,B2
idiom,B2
insult,B2
groan,C2
grammar,A2
feedback,B2
fluency,B2
gossip,B2
ID,A2
ink,B1
implication,C2
inverted commas,B2
insist,B2
invite,C2
give,B1
greet,C2
inform,B1
guarantee,C2
highlight,B2
indicate,C1
invent,B2
illustrate,C1
instruct,C2
interpret,C1
imply,C2
introduce,C2
forgive,B1
hear,B1
interrupt,B2
inquire,B2
guilt,B2
gram,A2
inch,B1
glass,A1
green,B2
grey,C1
height,B1
increase,B2
grade,C1
field,C2
graduate,B2
homework,A1
history,A2
gym,B1
fork,A2
fridge,A2
grape,A2
frying pan,B1
grill,C1
feast,C1
garlic,A2
ham,A2
honey,A2
flour,B1
hunger,C1
fibre,C1
food,A1
fruit,A1
ice cream,A1
flavour,C2
fry,B1
flat,C2
garden,A1
floor,B1
garage,B1
gate,B1
hall,A2
fire station,B1
frame,B2
hut,B1
iron,B1
fence,B2
hook,B2
furniture,A2
flesh,C2
home,C1
the first floor,B1
the ground floor,B1
fee,B1
fortune,B2
fund,C1
finance,B2
interest,C2
flower,A1
hill,A2
island,A2
flood,C2
forecast,B1
hedge,B2
habitat,C1
iceberg,C1
grass,A1
geography,A2
gold,A2
ice,A2
heat,B1
global warming,B2
ground,B2
hail,C2
fog,A2
forest,A2
frost,B2
gas,B2
harvest,B2
grow,B1
hug,B1
glance,B2
help,B2
housework,B1
habit,B2
grip,C2
hold,C1
gaze,C2
hide,B1
hesitate,B2
giggle,C2
glare,C2
grin,C2
find,B1
fetch,B1
finish,B1
fix,B2
follow,C1
handle,C2
imagine,B2
install,B1
fit,C1
forbid,B2
force,C2
found,C2
free,B2
gather,C1
guard,B2
identify,B2
ignore,B2
implement,B2
grasp,C2
imitate,C1
impose,C1
inspect,C1
haul,C2
initiate,C2
fill,C1
hurry,B1
improve,A2
fold,B1
grab,B2
hang,C2
fire,C2
hunt,C1
invest,B2
flee,C1
girl,A1
haircut,B1
grown-up,B2
fringe,C2
hair,B2
favourite,C2
fool,B2
idea,C1
gentleman,B2
idiot,B2
fun,A2
grief,B2
honesty,B2
honour,B2
horror,B2
humour,C2
hatred,C1
initiative,C1
hypocrisy,C2
fear,B2
hope,B1
freedom,B2
hate,C1
feel,B2
impress,B2
inspire,B2
irritate,C1
friend,A2
husband,A1
girlfriend,B1
grandchild,A2
granddaughter,A2
grandfather,A2
grandmother,A2
grandparent,A2
grandson,A2
groom,B1
funeral,B2
host,C2
football,A1
game,A2
goal,B1
hobby,A2
final,C2
foul,C2
golf,A2
hockey,A2
gymnastics,B1
ice hockey,B1
goods,B1
folder,B1
hard drive,B2
icon,B2
IT,C2
hardware,B1
flash,C2
generate,B2
Google,B2
flight,A2
guidebook,A2
helicopter,A2
ferry,B1
harbour,B1
holiday,A1
guide,B1
firm,C2
industry,B2
fisherman,B2
giant,C2
haunt,B2
indifference,C2
inconvenience,C1
interference,C2
integration,C1
inclusion,C1
inhibition,C2
intrusion,C2
intervention,C2
impossibility,C2
inferiority,C2
insecurity,C2
inequality,C2
inability,C1
inferior,C2
influx,C2
inaccuracy,C1
injustice,C1
insight,C1
intrude,C2
inherit,C2
integrate,C1
interact,B2
importance,B1
inheritance,C2
headteacher,A2
foreigner,B1
hairdresser,B1
hairdryer,B1
gardener,B2
follower,C2
founder,C2
further,C2
gardening,B2
hunting,B2
housing,C1
foundation,C2
fraction,C2
imitation,C2
industrialization,C1
isolation,C2
implementation,C2
invention,B1
intention,B2
interruption,B2
investigation,B2
generalization,C1
indication,C2
innovation,C1
inspection,C2
hesitation,C2
inclination,C2
intuition,C2
guitarist,B1
flexibility,B2
individuality,C2
intensity,C2
imperative,C2
generalize,C1
improvement,B1
harassment,C1
involvement,B2
friendliness,B2
forgiveness,C2
goodness,C2
homelessness,C2
inventor,B2
investigator,B2
indicator,C2
hardship,C1
gambling,B2
hotel,A1
hour,A1
first name,A2
gift,C1
housewife,A2
favour,C2
film-maker,B1
fine,C2
firework,B1
flag,B1
fountain,B1
gap,B2
gun,B1
handkerchief,B1
herb,B1
hole,B1
honeymoon,B1
hostel,B1
indefinite article,B1
infinitive,B1
fault,B2
female,B2
flame,B2
function,C1
grave,B2
hammer,B2
immigrant,B2
incident,B2
individual,C2
institute,B2
interior,B2
flaw,C1
fleet,C1
footstep,C1
format,C1
formula,C1
gadget,C1
gathering,C1
genius,C2
gerund,C1
gesture,C2
glimpse,C1
hazard,C1
heading,C1
historian,C1
idol,C2
instance,C1
feat,C2
filter,C2
fireplace,C2
forgery,C2
framework,C2
fraud,C2
frown,C2
future,C2
gamble,C2
gasp,C2
gulf,C2
heir,C2
hierarchy,C2
horizon,C2
hostage,C2
hypothesis,C2
illusion,C2
impulse,C2
instruction,C2
handball,B1
genetics,B2
good,C2
harm,B2
friction,C1
geology,C1
glamour,C1
globalization,C1
glory,C1
grace,C2
greed,C1
hygiene,C1
flair,C2
focus,C2
glue,C2
heritage,C2
infancy,C2
February,A1
Friday,A1
hospital,A1
fuel,B1
income,B2
gain,C2
fluid,C2
fragrance,C2
incentive,C2
instinct,C2
intellect,C2
human rights,B2
fumes,C1
grounds,C2
the first person,B2
flow,C1
glow,C2
happen,A2
float,B1
hitchhike,B1
feed,C1
hop,C2
flourish,C2
fluctuate,C2
forget,B1
include,A2
fax,B1
hire,B2
injure,B1
intend,B1
involve,B2
frighten,B2
foresee,C1
group,C1
imprison,C1
formulate,C2
hinder,C2
incorporate,C2
incur,C2
indulge,C2
govern,B2
investigate,B2
flatten,C2
hum,C2
intensify,C2
ghost,B1
god,B2
hell,B2
impolite,B2
incredible,B2
industrious,C2
frozen,B1
great,B2
half,B2
full,B2
golden,B2
fed up,B2
inseparable,C2
insane,C2
irregular,B2
fraudulent,C2
formerly,B2
handy,C2
ill,C1
foremost,C2
indeed,C2
intent,C2
heavenly,C1
hot,C1
incurable,C2
intolerable,C2
illegal,B2
impersonal,C1
irrational,C2
insignificant,C1
intolerant,C2
inexperienced,B2
inedible,C1
irresponsible,B2
injection,C2
inclusive,C1
insensitive,C1
interactive,C1
illegally,B2
impatiently,B2
incredibly,C1
implicit,C2
impatient,B2
immature,C2
inadequate,C1
insecure,C2
inconsiderate,C2
inhuman,C2
innate,C2
the Internet,A1
favourable,C2
formidable,C2
grammatical,C2
hierarchical,C2
financial,B1
global,B2
intellectual,C2
hysterical,C1
hypocritical,C2
industrial,B2
important,B1
inhabitant,B2
injured,B2
flawed,C2
fried,A2
grilled,A2
interested,A2
frightened,B1
impressed,B2
irritated,B2
gifted,C1
fluent,B2
innocent,C2
intelligent,B1
independent,B2
harmful,B2
graceful,C2
grateful,B1
helpful,B1
hopeful,C2
forceful,C2
genetic,C1
heroic,C1
idealistic,C1
gymnastic,B2
growing,B2
intriguing,C2
freezing,B1
good-looking,A2
interesting,A1
frightening,B1
irritating,B2
frustrating,C1
foolish,B2
impressive,B2
imaginative,C1
impulsive,C2
harmless,C2
faultless,C2
flawless,C2
hopeless,B2
fearless,C2
finally,B1
fortunately,B1
fully,B1
generally,B2
heavily,B1
honestly,B2
hopefully,B2
firstly,B2
fluently,B2
frankly,B2
greatly,B2
highly,C1
incidentally,C1
financially,B2
globally,B2
happily,C1
foolishly,B2
furiously,B2
gently,B2
icily,C2
intellectually,C2
intensely,C2
generous,C1
furious,B2
healthy,C2
guilty,B2
faulty,B2
filthy,C1
hungry,A1
fatty,C1
foggy,A2
icy,B2
funny,B1
greedy,B2
fussy,C2
feeble,C2
fresh,C2
how,B1
germ,C1
itch,B2
here,B2
hardly,B2
furthermore,B2
initial,B2
guideline,C1
happy,A2
hard,C1
heavy,C2
high,C2
horrible,A2
indoor,A2
front,B1
gentle,C1
huge,B1
fierce,B2
genuine,C1
ideal,B2
inaccurate,B2
inconvenient,B2
inner,B2
inside,C2
harsh,C1
immense,C1
intense,C2
fragile,C2
fragrant,C2
grim,C2
in,C2
indoors,B1
ingredient,B2
grain,C2
first-floor,B1
infrastructure,C1
gross,C1
humid,B1
fertile,C2
handsome,B1
glad,B2
honest,B1
fond,B2
fearful,C2
humble,C2
idle,C2
immune,C2
irritable,C2
generously,B2
fuss,C1
fury,C2
gay,B1
fellow,B2
intimate,C2
household,B2
hand-held,B1
high-tech,B2
hi-tech,B2
full-time,B1
inevitable,C1
invaluable,C1
inconceivable,C2
indispensable,C2
indisputable,C2
inexplicable,C2
innumerable,C2
immoral,B2
informal,B2
internal,B2
international,A2
insufficient,C1
indifferent,C2
impossible,C2
irresistible,C2
irreversible,C2
intrinsic,C2
inexpensive,B1
indirectly,C1
inevitably,C1
informally,C1
invariably,C2
internationally,B1
illiterate,C2
imperfect,C1
immortal,C2
inappropriate,C1
indirect,C2
inefficient,C1
integral,C1
intermediate,B1
hospitable,C1
historical,B1
functional,B2
gradual,B2
identical,B2
horizontal,C1
influential,C1
fictional,C2
fundamental,C2
fixed,C2
improved,B2
frustrated,C1
furnished,C1
genetically modified,C1
honoured,C1
industrialized,C1
isolated,C1
horrified,C2
humiliated,C2
fruitful,C1
flexible,C2
invisible,B2
feasible,C1
historic,B1
ironic,C2
forthcoming,C1
gripping,C1
fulfilling,C2
horrifying,C2
humiliating,C2
formation,C2
interpretation,C2
intensive,B2
informative,C1
innovative,C1
helpless,C1
homeless,C1
hourly,C1
immediately,C1
frequently,B1
finely,B2
firmly,B2
freely,B2
gradually,B2
ideally,B2
importantly,B2
increasingly,B2
independently,B2
initially,B2
innocently,B2
instantly,B2
formally,C1
historically,C1
immensely,C1
inappropriately,C1
individually,C1
intensively,C1
interestingly,C1
internally,C1
fundamentally,C2
harshly,C2
hopelessly,C2
indefinitely,C2
infinitely,C2
ironically,C2
hilarious,C1
humorous,C1
hazardous,C2
infectious,C2
grumpy,C1
floppy,C2
first,B1
foreign,B2
friendly,A2
half-price,A2
forbidden,B1
former,B1
frequent,B1
general,B2
gorgeous,B1
hidden,B2
incorrect,B1
formal,C1
fortunate,B2
hard-working,B2
immediate,C1
instant,B2
intransitive,B2
feminine,C1
grand,C1
hectic,C1
holy,C1
hostile,C1
imaginary,C1
finite,C2
frail,C2
frantic,C2
high-profile,C2
hollow,C2
humanitarian,C2
hygienic,C2
ignorant,C2
imminent,C2
infinite,C2
inherent,C2
intact,C2
interim,C2
instead,A2
forever,B2
forward,C1
furthest,B1
genuinely,B2
hence,C1
fortnight,B1
fire brigade,B2
growth,B2
headquarters,B2
impact,C2
fright,C1
frenzy,C2
frontier,C2
heap,C2
irony,C2
narrative,C2
notify,C1
measure,C2
mountain,C2
maths,A2
lab,B1
joint,C2
note,C2
obtain,B2
observe,C2
kid,A2
lad,C2
mum,A1
mate,B1
occupation,C2
offspring,C2
merit,C2
nature,C1
oblige,C1
minute,C2
kick,C2
junk,C1
make,C1
land,C2
kill,C2
mislead,C1
misinterpret,C2
musical,C1
official,C2
maintenance,B2
offender,B2
learner,B2
observer,C2
master,C2
monster,C2
leader,C1
lover,B1
keeper,B1
MP3 player,A2
manager,A2
officer,B2
manufacturer,B2
miner,C1
meeting,A2
meaning,B2
learning,B2
lightning,B1
marketing,B2
landing,B2
manufacturing,B2
objection,B2
legislation,C2
orientation,C2
motivation,C1
obsession,B2
organization,C1
mission,C2
optimism,C2
optimist,C1
materialist,C2
motorist,B2
obesity,C1
longevity,C2
mortality,C2
majority,B2
minority,C1
organize,B2
movement,C1
management,B2
kindness,B2
laziness,B2
nervousness,C1
openness,C2
narrator,C2
operator,B2
leadership,C1
killer,B1
murderer,B1
lion,A2
monkey,A2
mouse,A2
kangaroo,B1
kitten,B1
mosquito,B1
leopard,B2
owl,B2
mammal,C1
nest,C2
movie,A1
newspaper,A2
keyboard,A2
magazine,A2
novel,B1
item,B2
masterpiece,C2
melody,C2
organ,C2
music,A1
jazz,A2
literature,B1
opera,A2
lyrics,B2
leg,A1
mouth,A1
nose,A1
neck,C2
knee,B1
lip,B1
jaw,B2
lap,B2
lung,B2
nail,B2
kidney,C2
knuckle,C2
needle,C2
nerve,C2
nostril,C2
medicine,B1
liver,B2
muscle,B2
labour,C2
jacket,A1
jumper,A2
necklace,A2
mask,B2
jewellery,A2
kit,B1
jeans,A1
knickers,B1
look,C1
language,C1
letter,A2
message,B2
name,B2
number,C2
licence,A2
list,B2
notebook,A2
notice,B1
offer,C2
joke,B1
label,C2
lie,C2
line,C2
logo,B1
manual,B2
matter,C2
native speaker,B2
order,C2
outline,C2
mark,C2
memo,C1
margin,C2
motion,C2
mail,A2
news,A2
jargon,C1
material,C1
legend,C1
mention,B2
myth,C1
metaphor,C2
listen,B1
object,B2
moan,C2
know,C2
mean,C2
justify,B2
oppose,B2
motivate,C1
maintain,C2
learn,B2
mumble,B2
mutter,B2
lobby,C2
offence,B2
magistrate,C1
massacre,C2
justice,B2
law,C2
kilo,A2
kilogram,A2
kilometre,A2
litre,A2
metre,A2
limit,B2
mile,B1
millimetre,B1
level,C1
load,B2
orange,A2
length,C1
left,A2
maximum,B1
lesson,B2
nursery,B2
knife,A1
meal,A1
main course,A2
menu,A2
mug,A2
mushroom,A2
omelette,A2
kettle,B1
oven,B1
loaf,B2
meat,A1
milk,A1
jam,C2
lemonade,A2
mineral water,A2
junk food,B2
mint,B2
mustard,C1
juice,A1
lunch,A1
lemon,A2
lunchtime,A2
mango,A2
melon,A2
oil,B1
onion,A2
lettuce,B1
leek,B2
key,B2
kitchen,A1
living room,A1
museum,A1
lamp,A2
library,A2
lift,B1
light,B2
mirror,A2
office,C1
laboratory,B1
ladder,C1
monument,B2
landmark,C2
lounge,C1
mansion,C1
loft,C2
loan,B1
loss,C2
overdraft,C1
legacy,C2
money,A1
means,C2
outgoings,C2
lake,A2
landscape,B1
leaf,B1
log,C1
life,C2
moonlight,B2
mud,B2
jungle,B1
metal,B1
mist,B2
oak,B2
ocean,B1
kiss,A2
jump,B2
laugh,B1
launch,C1
march,C1
move,C2
laughter,B2
jog,B1
knock,B1
meet,C2
kneel,B2
opt,C1
join,B1
leave,C2
lend,B2
lose,C1
miss,B2
open,C2
mend,B1
keep,C1
lick,B2
locate,B2
lower,B2
occupy,C1
overcome,B2
monitor,C1
omit,C1
mount,C2
lead,C2
lock,B1
manage,C1
obey,B2
merge,C2
man,B2
lady,B1
moustache,B1
make-up,A2
mind,B1
joy,B2
liar,B2
loyalty,B2
mercy,C2
outrage,C2
memory,C2
mood,B1
love,B2
misery,B2
nerves,B2
offend,B2
judge,C2
king,C1
kingdom,B2
nation,B2
mother,A1
member,A2
neighbour,B2
nephew,B1
niece,B1
mother-in-law,B2
opponent,B2
orphan,C2
marriage,B1
mix,B2
market,C2
match,C2
league,B1
net,B1
marathon,B2
martial art,B2
leisure,B1
laptop,A2
machine,A2
model,C2
link,B2
message board,B1
laser,B2
microphone,B2
network,C1
machinery,C1
journey,A2
map,A2
motorbike,A2
motorway,A2
jet,B1
lorry,B1
lane,B2
itinerary,C1
luggage,A2
job,B2
overtime,B2
manufacture,B2
overload,C2
operate,B2
murder,B1
mosque,A2
misunderstanding,B2
misfortune,C1
misuse,C1
misbehave,C1
misunderstand,B2
misplace,C2
original,B2
occurrence,C1
negligence,C2
lawyer,B1
lighter,B1
lecturer,B2
maker,B2
minister,B2
organizer,B2
listener,C1
mechanic,A2
opening,C2
jogging,B1
lighting,B2
mining,C1
networking,C1
loathing,C2
living,B2
location,B1
occasion,B2
negotiation,C1
observation,C1
opposition,C1
obligation,B2
liberation,C1
limitation,C1
migration,C1
modification,C1
nomination,C1
medication,C2
mechanism,C1
journalism,B2
materialism,C2
journalist,B1
novelist,B2
mentality,C1
necessity,C1
liability,C1
mediocrity,C2
normality,C2
nationality,A1
opportunity,B2
objective,B2
minimize,C1
maximize,C2
judgment,C2
loneliness,C1
membership,C1
killing,B1
kind,A2
mobile,A1
mobile phone,A1
month,A1
kite,A2
mistake,A2
moment,B1
noun,A2
nurse,C2
jar,B1
jug,B1
lecture,C2
lottery,B1
mall,B1
method,B1
modal (verb),B1
musician,B1
neighbourhood,B1
nightclub,B1
nightmare,B1
noticeboard,B1
olive,B1
opinion,B2
opposite,B2
option,B1
jewel,B2
landlady,B2
landlord,B2
layer,B2
leaflet,B2
leak,C2
lid,B2
lifestyle,B2
male,B2
mayor,B2
medal,B2
mine,B2
miracle,B2
motive,B2
motor,B2
nut,B2
journal,C2
knob,C1
lawn,C1
layout,C1
luxury,C1
mat,C1
ministry,C1
mode,C1
nap,C1
newsletter,C1
nickname,C1
norm,C1
notion,C1
obstacle,C1
overview,C1
knot,C2
leap,C2
lifespan,C2
lump,C2
memorial,C2
millennium,C2
missile,C2
murmur,C2
novelty,C2
odour,C2
ordeal,C2
ornament,C2
outbreak,C2
outlet,C2
leather,A2
luck,B2
magic,B2
midday,A2
midnight,A2
noon,A2
north,A2
nightlife,B1
northeast,B1
northwest,B1
laundry,B2
liberty,B2
litter,B2
mankind,B2
jealousy,C1
junk mail,C1
literacy,C1
logic,C1
neglect,C1
nutrition,C1
likelihood,C2
linen,C2
lure,C2
momentum,C2
morale,C2
nostalgia,C2
output,C2
January,A1
July,A1
June,A1
May,B1
Monday,A1
morning,A1
night,A1
noise,A1
November,A1
October,A1
jail,B1
lamb,B1
liquid,B1
mystery,B1
mixture,B2
origin,C1
justification,C2
merger,C2
mishap,C2
monopoly,C2
muddle,C2
omission,C2
outskirts,B2
odds,C1
the last minute,B2
manner,B2
mess,B2
need,B2
outlook,C2
live,C2
occur,B2
mingle,C2
linger,C2
loom,C2
let,B1
own,B1
lack,B2
overlook,C2
modify,C1
nominate,C1
outnumber,C1
outweigh,C1
overdo,C1
overtake,C1
overwhelm,C1
juggle,C2
loathe,C2
moderate,C2
offset,C2
overhear,C2
knit,B1
marry,B1
melt,B2
nod,B2
lengthen,C1
lessen,C1
negotiate,C1
overestimate,C1
loosen,C2
overflow,C2
overlap,C2
OK,A2
moreover,B2
mad,B1
laid-back,C2
notwithstanding,C1
likewise,C2
miserable,C2
misleading,B2
misinterpretation,C2
noticeable,C1
orchestral,B2
medical,B2
oral,B2
minimal,C1
mental,B2
liberal,C1
natural,C1
national,A2
observant,C2
limited,B2
old-fashioned,B1
middle-aged,B1
motivated,B2
organized,B2
narrow-minded,C1
open-minded,C1
married,A2
overworked,C1
lenient,C2
negligible,C2
organic,B2
optimistic,B2
magnetic,C1
outstanding,B2
off-putting,C2
moving,B2
outgoing,C2
overwhelming,C1
operation,C1
negative,B2
massive,B2
lucrative,C2
offensive,B2
obsessive,C2
merciless,C2
musically,C2
naturally,C2
medically,C2
mainly,B1
largely,B2
necessarily,B2
legally,B2
lovely,A2
merely,C2
negatively,B2
nicely,B2
moderately,C2
lively,B1
lonely,B2
kindly,B1
jealously,B2
nervously,B2
openly,C1
measurement,C2
marvellous,B1
luxurious,C1
monotonous,C1
numerous,C1
jealous,B2
nervous,B1
outrageous,B2
malicious,C2
misty,B2
lazy,B2
nosy,C2
literary,B2
on,C2
orchestra,B1
non-smoking,B2
long,A2
little,C1
no,A2
maybe,A2
just,C1
nevertheless,B2
overall,B2
madam,B1
nonsense,B2
legal,B2
legitimate,C2
jury,C1
new,B1
nice,A1
large,A2
left-hand,A2
loud,B1
low,C1
old,A2
last,C1
magnificent,B1
main,B1
medium,C2
minimum,B1
narrow,C2
nasty,B2
navy blue,B1
near,C2
nearby,B1
outdoor,B1
medieval,B2
mere,B2
middle,C1
modest,C1
outer,B2
outside,C1
oval,B2
mild,C1
mundane,C1
marginal,C2
mediocre,C2
less,A2
most,B2
over,C2
least,B2
more,B1
much,C1
off,C2
overdrawn,C1
monetary,C2
owe,B1
keen,C1
loyal,B2
mature,B2
naughty,B2
knowledgeable,C1
naive,C1
noble,C1
mechanical,C2
mentally,B2
knowledge,B1
nuisance,B2
left-wing,C1
out,C2
online,A2
misinform,C1
memorable,B2
liable,C1
notable,C1
normal,A2
logical,B2
magical,B2
mathematical,B2
optional,B2
municipal,C1
nutritional,C1
occasional,C1
literal,C2
naval,C2
overcrowded,C1
muddled,C2
non-existent,C1
negligent,C2
later,C2
meaningful,B2
merciful,C2
linguistic,C1
materialistic,C2
nostalgic,C2
missing,B1
leading,B2
neighbouring,B2
never-ending,C1
long-lasting,C2
long-running,C2
ongoing,C2
longing,C2
needless,C2
likely,C1
monthly,B1
nearly,A2
lately,B1
lightly,C1
loudly,B1
mostly,B1
normally,B2
obviously,B1
lastly,B2
literally,B2
morally,B2
narrowly,B2
newly,B2
occasionally,B2
originally,B2
jointly,C1
magnificently,C1
modestly,C2
mysteriously,C1
neatly,C1
notably,C1
noticeably,C1
objectively,C1
officially,C1
logically,C2
oddly,C2
obvious,B1
mysterious,B2
notorious,C1
nutritious,C1
meticulous,C2
lucky,B1
noisy,A2
juicy,C2
messy,B1
muddy,B2
lengthy,C1
mighty,C2
late,C2
latest,A2
lost,C1
modern,B1
next,B2
local,C2
loose,C2
neat,B1
necessary,B1
next-door,B1
northern,B1
ordinary,B1
out-of-date,B1
overnight,C2
junior,B2
known,B2
last-minute,B2
latter,B2
long-distance,B2
long-term,B2
major,B2
minor,B2
moral,C1
naked,C1
nationwide,B2
native,C2
nuclear,B2
odd,B2
overseas,B2
overweight,B2
justified,C1
juvenile,C1
legendary,C1
long-time,C1
masculine,C1
mass,C1
middle-class,C1
mistaken,C1
multiple,C1
mutual,C1
neutral,C1
obese,C1
obligatory,C2
obsolete,C1
justifiable,C2
lavish,C2
lethal,C2
lifelong,C2
literate,C2
mainstream,C2
miniature,C2
orthodox,C2
never,B2
not,B1
often,B2
luckily,B1
meanwhile,B1
next door,B1
nowadays,B1
nowhere,B1
otherwise,C1
outdoors,B1
neither,B2
nor,B2
namely,C1
nonetheless,C1
knowingly,C2
overboard,C2
Mr,A1
Mrs,A1
Ms,A2
lifetime,B2
the middle class,C1
outcome,C1
military,B2
obscene,C2
navy,B2
residence,C2
reflection,C2
position,B2
protagonist,C2
sensibility,C2
relate,C2
rubbish,C1
place,C1
rip-off,C1
perform,B2
seek,C2
resume,C1
regard,C1
resolve,C2
purchase,B2
remove,C2
replace,C2
practitioner,C2
possession,C2
proximity,C2
paradigm,C2
quest,C2
realm,C2
receipt,B2
plight,C2
permit,C1
prevail,C2
refrain,C2
reign,C2
regret,B2
perceive,C2
rectify,C1
render,C2
precede,C2
sadden,C2
racket,C2
scrap,C2
riches,C2
ponder,C2
reassurance,C2
revision,B1
reconstruction,C2
rewrite,B2
reassure,C1
reflect,C1
rearrange,B2
rebuild,B2
repay,B2
reconstruct,C2
redistribute,C2
refusal,C1
potential,B2
radical,C2
professional,C1
performance,B2
resistance,C2
self-assurance,C2
self-reliance,C2
reference,C1
patience,B2
self-confidence,B2
resilience,C2
preference,B2
painter,A2
player,A2
poster,A2
performer,B1
presenter,B2
reader,B1
reminder,C1
partner,B2
runner,A2
printer,A2
passenger,A2
scooter,A2
plumber,B2
researcher,B2
painting,A2
recording,B2
reading,C2
schooling,C2
running,C2
sailing,A2
programming,B2
parking,B1
publication,B2
production,B2
promotion,C1
reaction,B2
sensation,B2
presentation,C2
recommendation,B2
quotation,C2
punctuation,B1
registration,B1
persuasion,C2
pronunciation,B1
prediction,B2
prosecution,C2
recession,B2
pollution,B1
preparation,B1
prevention,B2
satisfaction,B2
resignation,C2
reputation,B2
reception,C1
revolution,B2
relation,B2
separation,B2
qualification,C2
recreation,B2
reservation,C2
racism,B2
quantity,B2
prosperity,C1
personality,B2
quality,B2
sensitivity,C1
security,C2
serenity,C2
priority,B2
responsibility,B2
relative,C1
realize,B1
punishment,B2
payment,B2
resentment,C2
retirement,B2
politeness,B2
sadness,B2
rudeness,C1
selfishness,C1
self-awareness,C2
predator,C1
scholarship,C1
relationship,B2
partnership,B2
pet,A1
pig,A1
rabbit,A2
rat,A2
parrot,B1
penguin,B1
puppy,B1
paw,B2
polar bear,B2
seal,C2
pony,C1
reptile,C1
pack,C2
saddle,C2
prey,C2
page,A2
photo,A1
picture,C1
radio,B1
photograph,B2
piano,A2
play,B2
programme,B2
paper,C2
part,C2
poem,B1
poet,B1
record,C2
role,B2
scene,C2
series,B2
piece,B2
portrait,B2
script,C2
photography,A2
pop,C2
rap,A2
rock,C2
poetry,B1
science fiction,B1
publicity,B2
sculpture,B1
rhythm,B2
present,C2
print,C2
promote,C1
run,C1
portray,C2
patient,B1
pill,B1
remedy,B2
rib,B2
scar,C2
sense,C2
pulse,C1
palm,C2
plague,C2
rash,C2
sample,C2
scan,C2
posture,C1
pain,B2
poison,B2
pregnancy,C1
recover,C1
react,C1
prescribe,C2
relax,C1
pocket,C2
raincoat,A2
ring,B2
scarf,A2
pullover,B1
sandal,B1
pants,B1
pyjamas,B2
pen,A1
pencil,A1
question,B2
sentence,B2
postcard,A2
rubber,B2
paragraph,B1
photocopy,B1
phrase,B1
point,C2
prayer,B1
promise,B1
question mark,B1
questionnaire,B1
scream,B1
profile,C1
proposal,B2
quarrel,B2
query,B2
remark,B2
row,B2
semicolon,B2
plea,C2
proverb,C2
quote,C2
saying,C2
post,B2
pressure,C2
propaganda,C2
reply,B1
request,B1
protest,B2
response,B2
rumour,B2
reproach,C2
pray,B2
respond,B2
say,B1
see,C2
put,C2
persuade,B2
predict,B1
pronounce,B1
recommend,B2
remind,B1
repeat,B1
report,B1
praise,C1
propose,B2
reach,B2
reject,B2
represent,C2
reveal,C2
release,C1
plant,C2
sell,C2
read,C2
refuse,B1
register,C2
pirate,B1
prisoner,B1
rule,C2
penalty,B2
police,A2
proceedings,C2
pair,A2
pattern,B2
pile,B1
percentage,B2
pint,B2
pound,B2
roll,B2
scale,B2
pink,A2
purple,A2
red,A2
right,C2
project,B2
pupil,A2
schoolchild,A2
period,B1
primary school,B1
secondary school,B1
pass,C2
seminar,B2
scholar,C1
physics,A2
school,A2
science,B1
philosophy,C1
picnic,A1
plate,A1
sandwich,A1
pan,B1
pea,B1
peanut,B1
pepper,B1
pot,B1
recipe,B1
saucepan,B1
saucer,B1
pancake,B2
portion,C1
prawn,B2
pastry,C1
relish,C2
rice,A1
salt,A1
pasta,A2
pizza,A1
potato,A1
pear,A2
salad,A2
sauce,A2
sausage,A2
peach,B1
pie,B1
pineapple,B1
pudding,B2
refreshments,B1
roast,A2
room,B1
pillow,A2
post office,A2
roof,A2
seat,C2
palace,B1
rug,B1
ruin,C2
passage,C2
resident,C1
property,B2
premises,C1
penny,B1
rate,C1
saving,C1
sector,C1
pocket money,B1
poverty,B2
profit,B2
savings,B2
rent,B1
park,A2
river,A1
peak,B2
planet,B1
region,B1
rose,B1
season,B1
pond,B2
pool,B2
rainbow,B2
range,C2
reserve,C2
root,B2
seed,B2
rain,A1
sand,B1
scenery,B1
oxygen,B2
sea,A1
rainforest,B1
pine,B2
pour,B1
rise,C1
search,C1
process,B2
punch,B2
practice,C2
rescue,B1
routine,C2
rush,C2
pause,B2
rest,B1
participate,B2
queue,B2
scratch,B2
pose,C1
retreat,C2
revolt,C2
repair,C2
return,C1
pick,B1
pin,B1
postpone,B1
prevent,B1
produce,C2
prove,B2
provide,B1
push,C1
quit,B1
raise,B2
save,B1
select,B1
preserve,B2
restore,C1
reward,B2
rub,B2
seize,C2
send,C2
resist,C1
restrain,C1
restrict,C1
sacrifice,C1
pat,C2
refine,C2
retrieve,C2
practise,C1
paint,A2
prepare,A2
pull,A2
plan,B2
press,C2
protect,B1
research,B2
rip,B2
separate,B2
perfume,A2
race,C1
resemble,C1
point of view,B2
peace,B2
pleasure,B1
respect,B2
pity,C2
pride,B2
revenge,B2
self-esteem,C1
restraint,C2
self-control,C2
self-discipline,C2
self-respect,C2
panic,B2
passion,B2
rage,C2
pretend,B2
prefer,A2
risk,C1
satisfy,B2
resent,C2
please,B1
reckon,B2
president,B1
policy,C1
republic,C1
referendum,C2
regime,C2
politics,B1
power,C1
reform,C2
parent,A1
party,B1
roommate,B2
romance,B1
rear,C1
playground,A2
puzzle,C2
quiz,A2
product,B1
score,B1
pitch,B2
referee,B2
rugby,A2
sale,B2
PC,A2
program,A2
password,B1
plug,B1
pump,B1
remote control,B1
pedal,B2
satellite,B2
plane,A1
path,C2
petrol station,A2
platform,C2
railway,A2
roundabout,A2
pavement,B1
resort,B1
ride,B1
route,C2
parachute,B2
rocket,C2
petrol,A2
public transport,B1
rail,C2
reverse,C2
road,A1
port,B1
rush hour,B2
sail,C2
secretary,C1
profession,B2
perk,C1
recruit,C2
paperwork,B2
rank,C1
personnel,C1
retire,B1
rape,B2
robbery,B2
pork,B1
priest,B1
recycling,B1
reorganize,C1
replacement,C1
redevelopment,C1
refund,C1
review,C2
reunion,C2
readjust,C2
recur,C2
regain,B2
recharge,C1
recreate,C1
redevelop,C1
reinforce,C2
restart,C1
recycle,B1
reconsider,C1
relocate,C1
rethink,C1
restructure,C2
principal,B2
reversal,C2
renewal,C2
relevance,C1
perseverance,C2
resemblance,C2
participant,C1
persistence,C2
presence,C2
photographer,A2
ruler,C1
owner,B1
reporter,B1
rider,B1
seller,B1
philosopher,B2
producer,C1
publisher,B2
pensioner,C1
programmer,C1
provider,C1
retailer,C2
plastic,A2
ruling,C2
planning,C1
reasoning,C2
regulation,C1
selection,B2
precaution,C1
projection,C1
proposition,C1
presumption,C2
procession,C2
rejection,C2
resolution,C2
revelation,C2
sanction,C2
relaxation,B1
protection,B2
perfection,C1
preservation,C1
radiation,C1
renovation,C1
realization,C2
recognition,C2
retention,C2
population,B2
reduction,B2
progression,C1
provision,C1
restriction,C2
perception,C2
provocation,C2
recollection,C2
repetition,C2
receptionist,A2
scientist,B1
pharmacist,B2
psychologist,B2
psychiatrist,C2
possibility,B2
popularity,B2
reality,B2
productivity,C1
purity,C1
rarity,C1
reliability,C1
probability,C1
scarcity,C2
recognize,C1
privatize,C1
requirement,B2
recruitment,C1
readiness,C2
richness,C1
professor,B1
sailor,B1
razor,B2
predecessor,C2
prosecutor,C2
ownership,C1
readership,C1
racist,C2
person,A1
problem,A1
restaurant,A1
passport,A2
penfriend,A2
pilot,A2
policeman,A2
police officer,A2
police station,A2
policewoman,A2
price,C1
prize,A2
purse,A2
quarter,C2
queen,A2
reason,B2
salesperson,A2
screen,A2
packet,B1
parcel,B1
pedestrian,B1
pharmacy,B1
phrasal verb,B1
pipe,B1
politician,B1
postman,B1
preposition,B1
prescription,B1
prince,B1
princess,B1
pronoun,B1
purpose,C2
result,B1
robot,B1
salesman,B1
saleswoman,B1
secret,B1
section,B1
package,B2
parade,B2
pension,B2
phase,B2
plot,C2
prefix,B2
proper noun,B2
ray,B2
rebel,B2
representative,B2
resource,B2
salon,B2
scent,B2
schedule,B2
scheme,B2
panel,C2
peasant,C1
peer,C1
perspective,C1
phenomenon,C1
principle,C2
privilege,C1
proportion,C1
pyramid,C1
ratio,C1
rectangle,C1
riot,C2
rival,C2
role model,C1
runway,C1
sack,C1
saint,C1
serial,C1
pact,C2
paradox,C2
parallel,C2
particle,C2
pastime,C2
patch,C2
pioneer,C2
pit,C2
pole,C2
raid,C2
rally,C2
rhyme,C2
ribbon,C2
ritual,C2
roar,C2
round,C2
scenario,C2
pay,C2
permission,B1
progress,C2
pace,B2
pottery,B2
privacy,B2
proof,B2
psychology,B2
quiet,B2
safety,C1
ozone,C1
prestige,C1
protein,C1
retail,C1
revenue,C1
scope,C2
peer pressure,C2
pursuit,C2
recovery,C2
refuge,C2
relief,C2
remorse,C2
scrutiny,C2
phone,A1
Saturday,A1
September,A1
plural,A2
powder,B1
prison,B1
religion,B1
salary,B1
salmon,B1
prejudice,B2
procedure,B2
prospect,C2
rehearsal,B2
rope,B2
scandal,B2
paradise,C1
redundancy,C1
self,C1
portrayal,C2
precedent,C2
rivalry,C2
people,A1
scissors,A2
remains,B2
the second person,B2
qualify,B2
remain,B2
plunge,C1
proceed,C1
persist,C2
prosper,C2
receive,C1
punish,B1
reduce,B1
require,B1
rob,B1
peel,C2
pollute,B2
renew,B2
revise,B2
possess,C1
presume,C1
prolong,C1
pursue,C1
refresh,C1
regulate,C1
renovate,C1
scare,C1
pinpoint,C2
provoke,C2
recollect,C2
reconcile,C2
relieve,C2
retain,C2
remember,A1
recall,B2
resign,B2
rehearse,C1
prosecute,C2
rot,C2
pub,A2
refugee,B2
prostitute,C1
rebellion,C1
pathetic,C2
poorly,C1
scary,B1
pretty,B1
presently,C1
paramount,C2
posh,C2
recycled,B1
reproduce,C2
reasonable,B2
remarkable,B2
pleasurable,C1
portable,C1
reputable,C1
respectable,C2
payable,C1
reliable,B1
physical,C2
psychological,B2
sensational,C2
residential,C2
regional,B2
racial,B2
rational,C1
philosophical,C2
practical,C2
sceptical,C2
sentimental,C2
political,B1
presidential,B2
recreational,C2
self-reliant,C2
redundant,C2
secluded,C2
semi-detached,C1
pleased,A2
relaxed,B2
satisfied,B1
scared,B1
petrified,B2
puzzled,B2
qualified,B2
relieved,B2
respected,B2
self-centred,C1
reserved,C2
self-assured,C2
related,B2
scheduled,B2
retired,B2
persistent,C2
painful,B2
pitiful,C2
peaceful,B2
powerful,B2
respectful,C1
resourceful,C2
reversible,C2
sensible,B1
responsible,B2
romantic,C2
poetic,C2
scenic,C1
scientific,B1
pessimistic,B2
realistic,B2
sarcastic,C2
relaxing,B1
self-catering,C1
representation,C2
selfish,B1
repetitive,C1
sensitive,B2
protective,C1
perceptive,C2
receptive,C2
restless,C2
ruthless,C2
physically,B2
psychologically,B2
really,B1
particularly,B1
partly,B1
personally,B2
possibly,B2
perfectly,B2
precisely,C1
secondly,B2
roughly,C2
scientifically,B2
racially,C1
politely,B1
passionately,B2
patiently,B2
peacefully,B2
positively,B2
proudly,B2
readily,B2
reasonably,B2
sadly,B2
reluctantly,C1
rudely,C1
sensibly,C1
respectfully,C2
precious,B2
prosperous,C1
self-conscious,C1
rosy,C2
scruffy,C2
salty,B2
rainy,B1
sandy,B1
rocky,C2
risky,B2
rusty,B2
pushy,C2
publish,B1
pregnant,B1
poisonous,B2
plump,C2
positive,C2
sane,C2
pure,B2
quite,B1
rather,B2
plead,C2
perfect,C2
pleasant,A2
right-hand,A2
regular,B2
rough,C1
poor,B2
precise,B2
rectangular,B2
satisfactory,B2
scarce,C1
quaint,C2
percent,B1
secondary,B1
raw,B2
rich,B2
rotten,B2
rare,C1
rural,B2
the seaside,B1
seduce,C2
plain,C2
sad,A1
polite,A2
proud,B1
passionate,B2
passive,B2
secure,C2
self-confident,B2
particular,C1
serene,C2
public,B2
revolutionary,B2
right-wing,C2
parliament,B2
presidency,B2
semi-final,B2
senior,B2
part-time,B1
reassuring,C1
reproduction,C2
predictable,B2
preferable,B2
probable,B2
profitable,C1
renewable,C2
questionable,C2
personal,B1
partial,B2
seasonal,B2
postal,C1
paradoxical,C2
phenomenal,C2
provincial,C2
revival,C2
reluctant,C1
predominant,C2
prepared,B2
prejudiced,C1
privileged,C2
prolonged,C1
restricted,C1
refined,C2
renowned,C2
repeated,C2
scattered,C2
resilient,C2
possible,B1
plausible,C2
problematic,C1
pragmatic,C2
remaining,B2
promising,C1
refreshing,C1
rewarding,C1
rating,C1
possessive,C2
productive,B2
progressive,C1
persuasive,C1
primitive,C1
selective,C1
preventive,C2
restrictive,C2
priceless,C1
pointless,C1
reckless,C2
relentless,C2
senseless,C2
regardless,C2
probably,A2
quickly,A2
pleasantly,B1
previously,B1
properly,B1
quietly,B1
rarely,B1
recently,B1
regularly,B1
secretly,B1
permanently,B2
potentially,B2
powerfully,B2
practically,B2
preferably,B2
presumably,B2
primarily,B2
privately,B2
promptly,B2
rapidly,B2
rightly,B2
separately,B2
partially,C1
publicly,C1
purely,C1
radically,C1
randomly,C1
realistically,C2
remarkably,C1
repeatedly,C1
respectively,C1
satisfactorily,C1
seemingly,C1
predominantly,C2
profoundly,C2
relentlessly,C2
scarcely,C2
previous,B1
serious,B2
religious,B2
ridiculous,B2
prestigious,C1
rebellious,C1
petty,C2
quick,A2
ready,A2
safe,C1
same,A1
popular,C2
real,B2
past,B2
permanent,B1
private,B2
proper,B1
recent,B1
rude,B2
second-hand,B1
self-service,B1
packed,B2
pale,B2
peculiar,B2
picturesque,B2
primary,B2
prompt,B2
proposed,B2
rapid,B2
relevant,B2
remote,C2
ripe,B2
royal,B2
preliminary,C1
prior,C1
prominent,C2
random,C1
respective,C1
sacred,C2
premium,C2
prime,C2
profound,C2
rigid,C2
sedentary,C2
self-made,C2
self-sufficient,C2
p.m.,A1
perhaps,A2
safely,B1
seldom,B2
reportedly,C2
pence,A2
prime minister,B2
sequence,C2
province,C2
sentiment,C2
prohibit,B2
revive,C2
television,B1
soap opera,B1
telly,C1
succumb,C2
state,C1
trash,C2
sorrow,C2
sibling,C2
spouse,C2
specification,C1
thesis,C2
strive,C2
summon,C2
surpass,C2
telephone,A2
translate,C2
soul,B2
tip,C2
tolerance,C2
thriller,B1
sufferer,C2
sweater,A2
trainer,B1
speaker,B1
smoker,B2
teenager,A2
stranger,B1
supporter,B2
swimmer,B1
supplier,B2
striker,C2
server,B1
traveller,B1
spelling,A2
spending,C2
smoking,A1
sewing,C1
shopping,A2
training,B1
sightseeing,A2
trekking,B2
station,B1
starvation,C2
suggestion,B1
translation,B1
suspicion,C1
supervision,C1
tension,B2
temptation,B2
transportation,C1
socialism,C2
tourism,B1
therapist,C1
specialist,B2
socialist,C1
tourist,A2
sincerity,C2
stupidity,C2
superiority,C2
summarize,C1
socialize,B2
treatment,B2
statement,C2
sickness,B2
softness,B2
tiredness,B2
shyness,C1
stubbornness,C2
tenderness,C2
toughness,C2
sponsor,B2
solicitor,C1
successor,C2
supervisor,C1
sponsorship,C1
terrorism,B2
terrorist,B2
sheep,A1
snake,A2
shark,B1
tiger,B1
species,B2
swan,B2
tail,B2
trap,B2
trail,C2
territory,C2
show,C1
song,A2
stage,B2
star,C1
tune,C1
soap,B1
statue,B1
trumpet,B1
set,C2
shot,B2
solo,B2
soundtrack,B2
string,B2
tabloid,B2
track,C2
sketch,C2
spotlight,C2
trilogy,C2
techno,C1
subtitles,C1
tooth,A1
stomach,A2
temperature,A2
toe,A2
shoulder,B1
tablet,B1
test,B2
throat,B1
thumb,B1
tongue,B1
skeleton,B2
spot,B2
stroke,C2
symptom,C2
thigh,B2
toenail,B2
side effect,C2
spine,C1
skull,C2
system,C2
transplant,C2
sight,B2
smell,B2
surgery,B2
sweat,B2
touch,C2
stamina,C1
stomach ache,A2
toothache,A2
skin,B2
therapy,B2
strain,C2
treat,C2
transmit,C2
starve,C1
shirt,A1
shoe,A1
skirt,A1
T-shirt,A1
sock,A2
suit,B2
swimming costume,A2
tie,C2
sleeve,B1
sweatshirt,B1
top,C2
tracksuit,B1
stocking,C1
strap,C2
trousers,A1
shorts,A2
sunglasses,A2
tights,A2
take,C2
sign,B2
stamp,C2
story,C2
shout,B1
signature,B1
subject,C2
table,B1
talk,C2
text,B2
tick,C2
title,C2
topic,B1
signal,C2
slash,B2
speech,B2
summary,B2
survey,C1
syllable,B2
symbol,B2
tale,B2
term,B2
theme,B2
threat,C2
slogan,C1
support,C2
slang,C1
stress,C1
tone,C2
tribute,C2
terms,B2
thanks,B2
swear,C2
speak,B2
tell,B2
thank,A2
suggest,B2
settle,C2
specify,B2
threaten,C2
skip,C1
spell,A2
spread,C2
tease,B2
snap,C2
suspect,C2
trial,C1
testify,C2
smuggle,C1
serve,C2
try,C2
size,A2
square,A2
stripe,B1
shade,C2
shortage,B2
ton,B2
triangle,B2
strip,C1
shape,C2
student,A1
timetable,B2
syllabus,C2
study,B2
slice,C2
snack,A2
soft drink,A2
spoon,A2
sweet,B1
strawberry,B1
takeaway,B1
tin,C2
teaspoon,B2
tray,B2
spirit,C1
sip,C2
stone,C2
straw,C2
soup,A1
sugar,A1
toast,C1
spinach,B1
tea,B1
service,C1
soya,C1
tomato,A1
steak,A2
supper,A2
spice,C2
taste,B2
tuna,B1
sweets,A2
shower,B2
toilet,A1
shelf,A2
sink,B2
sitting room,A2
sofa,A2
towel,A2
sheet,B1
step,B2
tap,B2
tower,B1
shed,B2
shelter,B2
stool,B2
storey,B2
terrace,B2
staircase,C1
stable,C2
structure,C2
throne,C2
stairs,A2
sum,B1
subsidy,C1
treasure,C2
tax,C1
squander,C2
tree,A1
storm,A2
thunderstorm,A2
stream,B1
suburb,B2
tide,B2
tornado,B2
trunk,B2
spring,C1
stretch,C1
snow,A2
silver,A2
sky,A2
space,B2
sunshine,B1
thunder,B1
steam,B2
steel,B2
sunlight,B2
tobacco,C1
summer,A1
town,A2
shore,B1
sunrise,B1
sunset,B1
shell,B2
soil,B2
sigh,B2
struggle,C2
sit,B2
stand,C2
slip,C2
succeed,B1
sunbathe,B1
turn,B2
shiver,B2
snore,B2
stare,B2
switch,B2
trip,B2
shudder,C2
sniff,C2
stagger,C2
spend,A2
tidy,A2
spoil,C1
stop,B1
strike,C2
transfer,B2
slap,C2
sort,B2
spray,B2
squash,B2
squeeze,B2
stimulate,B2
store,B2
substitute,B2
supply,B2
sweep,B2
tackle,B2
time,C2
transform,B2
shift,C1
simplify,C1
sow,C1
total,C1
trace,C1
snatch,C2
sprinkle,C2
smoke,B1
start,C2
share,C2
shut,B1
throw,A2
shake,C2
shoot,C1
spill,B1
stick,B1
tear,B1
slam,B2
smash,B2
soak,C1
splash,C2
split,C2
supervise,B2
swing,B2
tighten,B2
slow,C2
spit,C2
stain,C2
tread,C2
tan,B2
sex,B1
strength,C2
style,B2
shampoo,A2
shave,B1
strengthen,B2
thought,C2
snob,C2
trait,C2
surprise,B2
sympathy,C2
trust,B2
shame,C1
spite,C2
tact,C2
triumph,C2
shock,C2
skill,B1
talent,B1
standard,C2
terrify,B2
tolerate,C2
think,B2
suffer,B2
tire,C2
sister,A1
son,A1
sister-in-law,B2
son-in-law,B2
stepfather,B2
stepmother,B2
sport,A1
skateboard,A2
toy,A2
ski,B1
snowboard,B1
stall,B1
tournament,B1
target,C2
trophy,B2
squad,C2
tennis,A1
table tennis,A2
stock,C1
site,B1
telescope,B2
thermometer,B2
software,A2
social networking,B1
spam,C1
technology,B1
street,A1
taxi,A1
train,B2
ship,A2
suitcase,A2
traffic light,A2
tram,A2
single,B2
souvenir,B1
stay,B1
tent,B1
traffic jam,B1
truck,B1
tunnel,B1
steering wheel,B2
stopover,B2
subway,B2
shuttle,C1
tank,C2
tractor,C2
traffic,C2
transport,B2
travel,B1
tour,B1
servant,B2
slave,B2
superior,C2
takeover,C1
technician,C1
trade,C1
trainee,C1
spider,B1
thief,B1
temple,B1
torture,C2
survival,B2
significance,C1
teacher,A1
singer,A2
shopkeeper,B2
taxpayer,C2
thinker,C2
toddler,C2
trader,C2
shortcoming,C1
singing,A2
skateboarding,A2
skating,A2
skiing,A2
snowboarding,A2
surfing,A2
swimming,A2
teaching,B1
suffering,B2
timing,B2
situation,B1
solution,B1
speculation,C1
simplification,C2
tradition,B2
simulation,C1
substitution,C1
transaction,C1
transformation,C1
transition,C2
speciality,C1
simplicity,C1
solidarity,C1
stability,C1
suitability,C1
severity,C2
sustainability,C2
tranquility,C2
similarity,B2
superlative,A2
specialize,B2
sympathize,C2
settlement,C2
spectator,B2
survivor,B2
shooting,B2
shop,B1
supermarket,A1
swimming pool,A1
thing,B2
ticket,A1
shop assistant,A2
side,C2
skate,B1
sports centre,A2
stadium,A2
surname,A2
textbook,A2
text message,A2
theatre,A2
toothbrush,A2
tour guide,A2
session,B1
signpost,B1
sleep,B1
smile,B1
spy,C1
studio,B2
success,B1
tense,B2
tissue,B1
travel agent,B1
trend,B1
trick,B2
tube,B2
slope,B2
society,B2
source,C1
spreadsheet,B2
strategy,B2
suffix,B2
surface,B2
sword,B2
task,B2
terminal,B2
theory,C2
tomb,B2
tool,C1
torch,B2
trolley,B2
setback,C1
slot,C1
spectrum,C2
sphere,C1
spokesman,C1
spokesperson,C1
statistic,C1
status symbol,C1
stereotype,C1
stroll,C1
summit,C2
surge,C1
surgeon,C1
tactic,C1
tendency,C1
thrill,C2
token,C1
trek,C1
shield,C2
siren,C2
spade,C2
spark,C2
specimen,C2
stance,C2
standpoint,C2
strand,C2
supplement,C2
synonym,C2
tenant,C2
thread,C2
threshold,C2
timber,C2
treaty,C2
truth,C2
today,B2
tomorrow,C2
south,A2
tonight,A2
silence,C2
silk,B1
southeast,B1
southwest,B1
stuff,B1
toothpaste,B1
trouble,C2
speed,B2
storage,B2
slavery,C1
smog,C1
solitude,C1
status,C1
teamwork,C1
tuition,C1
slaughter,C2
stardom,C2
suspense,C2
Sunday,A1
Thursday,A1
Tuesday,A1
sound,A2
shadow,B1
technique,B1
turkey,B1
substance,B2
tragedy,B2
texture,C1
splendour,C2
stimulus,C2
surplus,C2
trauma,C2
statistics,B2
surroundings,B2
telecommunications,B2
talks,C2
troops,C2
singular,A2
swim,A2
the third person,B2
toll,C2
shine,C2
surf,B1
sneeze,B2
sob,B2
tremble,B2
thrive,C1
soar,C2
squeak,C2
stumble,C2
submit,C2
teach,B1
solve,B1
surround,C2
stab,B2
suspend,C1
spare,C1
suppose,C1
trigger,C1
sharpen,C2
spur,C2
stir,C2
suppress,C2
sustain,C2
swallow,C2
sing,A1
steal,A2
sew,B1
shrink,B2
steer,B2
survive,B2
shorten,C1
spin,C1
sue,C1
swap,C1
shrug,C2
speculate,C2
suck,C2
soldier,B1
suicide,B2
theft,B2
shattered,C2
starving,B2
thus,B2
sir,B1
sure,A2
tiresome,C2
tertiary,C1
somewhat,C1
thereby,C1
thereafter,C2
substantial,B2
trivial,B2
tropical,B2
torrential,C2
spiritual,B2
technical,B2
stereotypical,C2
superficial,C2
technological,B2
short-sighted,C2
so-called,B2
tired,A1
surprised,A2
shocked,B1
stressed,B1
talented,B1
terrified,B1
sophisticated,B2
thrilled,B2
stunned,C2
stressful,B1
skilful,C1
thoughtful,C2
tactful,C2
toxic,B2
therapeutic,C1
sympathetic,C2
tragic,B2
setting,B2
stunning,B2
thrilling,B2
sparkling,C1
staggering,C1
soothing,C2
thriving,C2
shocking,B1
surprising,B1
tiring,B1
terrifying,B2
transmission,C2
stylish,B1
snobbish,C2
supportive,C1
talkative,C1
spotless,C2
tasteless,C2
speechless,C1
tactless,C2
thoughtless,C2
terribly,B2
totally,B1
seriously,B2
simply,B2
slightly,B2
strongly,B2
surely,B2
tremendously,B2
truly,C1
sufficiently,C1
surprisingly,B1
tragically,C2
technologically,C1
suspicious,B2
simultaneous,C1
spacious,C1
tedious,C1
sexy,B2
shabby,C2
stormy,C1
thirsty,A2
spicy,B1
tasty,B1
sunny,A2
sporty,C1
sexual,C1
trio,C2
sick,C2
sore,B1
swollen,B2
stitch,C2
tight,C2
sorry,B2
short,B2
slight,B2
straight,B2
therefore,B1
thank you,B1
strict,C2
small,A2
soft,B1
special,B1
terrible,A2
thin,A2
sharp,C1
smooth,C2
strong,B2
terrific,C1
thick,B2
tiny,B1
severe,B2
shallow,C2
solid,C2
stiff,C2
sufficient,B2
superb,B2
transparent,B2
tremendous,B2
splendid,C1
state-of-the-art,C1
tranquil,C1
sober,C2
swift,C2
tough,C2
troublesome,C2
through,C1
together,C2
this,C1
sour,B1
still,C2
stale,C1
tender,C2
thirst,B2
stock market,C1
solar,B2
sun,A1
slim,C2
teenage,B1
shy,B1
silly,B1
smart,C1
stupid,B1
stubborn,B2
sincere,C1
trustworthy,C1
shrewd,C2
stern,C2
timid,C2
TRUE,C2
temper,B2
terror,B2
totalitarian,C2
tribe,B2
sports,B1
team,B1
silent,B2
staff,A2
sociable,B1
suitable,B1
sustainable,C1
social,B2
traditional,B1
supernatural,B2
statistical,C1
structural,C2
territorial,C2
theoretical,C2
tribal,C2
tolerant,C1
skilled,B2
soaked,B2
troubled,C1
stranded,C2
structured,C2
successful,B2
shameful,C1
thankful,C1
tasteful,C2
tangible,C2
specific,C1
strategic,C1
symbolic,C2
systematic,C2
traumatic,C2
soaking,B2
striking,B2
surrounding,B2
soaring,C1
time-consuming,C1
transitive,B2
subjective,C1
successive,C2
slowly,A2
softly,B1
specially,B1
suddenly,B1
severely,B2
sharply,B2
shortly,B2
significantly,B2
silently,B2
simultaneously,B2
smoothly,C2
steadily,B2
strangely,B2
strictly,B2
successfully,B2
suitably,B2
suspiciously,B2
temporarily,B2
thoroughly,B2
tightly,B2
traditionally,B2
similarly,C1
sincerely,C1
solely,C1
specifically,C1
subsequently,C1
substantially,C1
supposedly,C1
technically,C2
thankfully,C1
sparsely,C2
spiritually,C2
strategically,C2
subconsciously,C2
superficially,C2
swiftly,C2
systematically,C2
theoretically,C2
thoughtfully,C2
strenuous,C2
superfluous,C2
synonymous,C2
shiny,B1
sleepy,C1
sticky,B1
tricky,B2
slippery,C1
smoky,C2
squeaky,C2
tall,A2
simple,B2
strange,B1
similar,B1
southern,B1
spectacular,B1
steep,C1
temporary,B1
short-term,B2
significant,B2
steady,C1
straightforward,B2
stuck,C1
sudden,B2
thorough,B2
sheer,C2
sole,C1
subsequent,C1
shaken,C2
slender,C2
solitary,C2
subtle,C2
supplementary,C2
turbulent,C2
sometimes,A1
then,B2
there,B2
too,A1
somewhere,A2
soon,A2
somehow,B2
throughout,C1
sideways,C2
sin,C2
turmoil,C2
surrender,C2
utter,C2
undertake,C1
unwind,C2
workaholic,C2
violate,C2
weep,C2
unemployment,B1
unhappiness,B2
unwillingness,C1
undo,B2
unlock,B2
untie,B2
unfold,C2
unload,C2
withdrawal,C2
viewer,B2
voter,C2
winner,A2
worker,A2
well-being,C1
writing,B2
warning,B1
walking,A2
understanding,C2
wedding,B1
windsurfing,B1
turning,B1
vocation,C2
vanity,C2
vitality,C2
willingness,B2
visitor,A2
zoo,A1
web,B1
whale,B1
wing,C2
wasp,B2
wolf,B2
worm,B2
zebra,B2
violin,A2
verse,B2
whistle,B2
work,B2
virus,B2
waist,B2
wound,B2
wrist,B2
X-ray,B2
vein,C1
wreck,C2
wrinkle,C2
welfare,C2
vaccine,C2
water,C2
twist,C2
vaccinate,C2
vomit,C2
watch,B2
umbrella,A2
zip,B2
veil,C1
vest,C1
underwear,B1
velvet,C2
underpants,B1
wardrobe,C1
wear,C2
word,A1
verb,A2
vowel,B1
update,B2
use,C2
yell,B2
vocabulary,C1
welcome,B2
underline,B2
warn,B1
wonder,B1
write,B1
whisper,B2
volunteer,C1
witness,B2
verdict,C2
yard,B1
volume,C2
weight,B2
yellow,A2
width,B2
worst,B2
university,A1
year,A2
workshop,C1
vegetable,A1
vegetarian,B1
vinegar,B2
yogurt,A2
wall,A1
window,B1
washing machine,A2
venue,B2
warehouse,C2
wallet,A2
will,C2
wealth,B2
turnover,C2
withdraw,C2
village,A1
view,C2
wood,A2
valley,B1
waterfall,B1
wave,C2
weather forecast,B1
volcano,B2
vine,C1
weed,C2
wilderness,C2
weather,A1
warmth,B2
wind,A1
winter,A1
woodland,C2
world,B1
walk,C1
washing-up,A2
violence,C2
wait,C1
wash,A2
wander,B2
yawn,B2
wink,C2
waste,B2
wrap,B2
upgrade,B2
wipe,B2
visit,B1
wake,B1
warm,B2
widen,B2
woman,A1
worry,B2
wish,C2
type,C1
wisdom,B2
wit,C1
willpower,C2
want,A1
wife,A1
uncle,A2
twin,B1
widow,B2
unit,C1
video game,A2
win,C1
volleyball,A2
yoga,B1
victory,B2
website,A1
web page,A2
webcam,B1
wire,B2
virtual reality,B2
video,A2
tyre,A2
way,C2
van,B1
vehicle,B1
windscreen,B1
voyage,B2
yacht,B2
vacancy,C1
union,B2
workplace,C1
venture,C2
wine,A1
whisky,B2
uncountable noun,B1
uncertainty,C1
unrest,C2
uncover,C1
undress,B1
unpack,B1
variable,C1
waiter,A1
user,B1
writer,B1
walker,C1
villager,C2
undertaking,C2
upbringing,B2
vision,C1
variation,C2
vegetation,C1
vandalism,C2
unity,C1
validity,C2
weakness,B2
usefulness,C1
tutor,B2
warrior,C1
waitress,A1
week,A1
weekend,A1
uniform,A2
weekday,A2
wheel,A2
vase,B1
vet,B1
video clip,B1
visa,B1
voice,C2
vote,B2
wheelchair,B1
workout,B1
zone,B1
version,C1
victim,B2
vitamin,B2
ward,B2
viewpoint,C1
witch,C1
youngster,C1
urge,C2
veteran,C2
vice,C2
virgin,C2
virtue,C2
vow,C2
whim,C2
west,A2
wool,A2
value,C2
variety,B1
wildlife,B1
wheat,B2
usage,C1
worse,C1
upkeep,C2
worship,C2
wreckage,C2
xenophobia,C2
TV,A1
Wednesday,A1
white,C2
wage,B1
vanish,B2
vary,B2
upload,B1
weigh,B2
underestimate,C1
upset,B2
undergo,C1
verify,C1
undermine,C2
uphold,C2
wield,C2
withstand,C2
understand,B1
unite,C1
weaken,C2
worsen,C1
weapon,B2
war,C2
unwell,B1
yes,A2
undesirable,C2
undue,C2
useless,C2
utmost,C1
worthy,C1
whereby,C2
wretched,C2
uncomfortable,C1
unacceptable,B2
unaffordable,C1
unbelievable,B2
unreasonable,B2
unreliable,B2
unavailable,C1
unconventional,C1
unethical,C2
unbalanced,C2
undressed,B2
unlimited,B2
unspoiled,C1
unexpected,B1
uninterested,B1
unmarried,C1
unemployed,B1
unhelpful,C1
unrealistic,B2
uninteresting,B1
unfortunately,A2
undoubtedly,B2
unexpectedly,B2
unreasonably,C1
unwillingly,C1
unconscious,C2
unscrupulous,C2
unhealthy,B1
unfit,B2
unimportant,B1
unpleasant,C1
unsatisfactory,B2
uneven,C2
unhappy,B1
unkind,B1
unaware,B2
uncertain,B2
uneasy,B2
unfortunate,B2
unpopular,B2
unsure,B2
unwise,C2
viable,C2
valuable,B2
virtual,C1
wrinkled,C2
twisted,C2
well-educated,C1
well-qualified,C1
well-balanced,C1
well-dressed,B1
worried,A2
united,B2
useful,A2
wonderful,A2
winding,B2
worrying,B2
working,B1
vaccination,C2
virtually,B2
violently,B2
warmly,B2
willingly,B2
vivacious,C2
wealthy,B2
windy,A2
well,C1
written,B1
very,C2
whole,C2
wide,B2
upright,B2
vast,B2
vivid,B2
versatile,C2
underneath,B2
upside down,B2
weak,C1
upstairs,B1
well-off,C1
wet,B1
underground,B2
wild,C2
worldwide,B2
young,A1
well-built,B2
youth,B1
well-known,A2
wise,B2
witty,B2
vain,C2
wary,C2
wicked,C2
willing,C2
withdrawn,C2
vacant,B2
workforce,C2
violent,C2
unforgettable,B1
unbearable,B2
unfashionable,B2
unpredictable,B2
unsuitable,B2
unavoidable,C1
undeniable,C1
unthinkable,C1
unattainable,C2
unfavourable,C2
unimaginable,C2
unsustainable,C2
unprofessional,C1
unconditional,C2
unchanged,B2
unjustified,C1
unnoticed,C1
unqualified,C1
unrelated,C1
unsolved,C1
untouched,C1
unwanted,C1
unaffected,C2
unbiased,C2
undeveloped,C2
undoubted,C2
uninhabited,C2
unprecedented,C2
unsuccessful,B2
uneventful,C2
unattractive,C1
unproductive,C1
unlikely,C2
unfairly,B2
uncomfortably,C1
unnecessarily,C1
unquestionably,C1
unsuccessfully,C1
unavoidably,C2
unconsciously,C2
undeniably,C2
unlucky,B1
unusual,A2
unfair,B2
unfriendly,B1
unknown,B1
unnecessary,B1
untidy,B1
unclear,B2
unfamiliar,B2
unnatural,B2
unwilling,B2
uncommon,C1
unforeseen,C1
unpaid,C1
unreal,C1
unsafe,C1
untrue,C1
understandable,B2
vulnerable,C2
typical,B1
usual,B1
universal,B2
visual,B2
vertical,C1
verbal,C2
vocational,C2
varied,B2
well-organized,B2
well-equipped,C1
well-informed,C1
underdeveloped,C2
visible,C1
upcoming,C1
underlying,C2
worthless,C2
weekly,A2
usually,A2
typically,B2
urgently,B1
vividly,B2
widely,B2
wildly,C2
wrongly,B2
ultimately,C2
understandably,C1
universally,C1
utterly,C1
wisely,C1
unanimously,C2
vaguely,C2
visibly,C2
vitally,C2
voluntarily,C2
wholeheartedly,C2
wholly,C2
various,A2
unanimous,C2
vicious,C2
wrong,C1
wooden,A2
upper,B1
up-to-date,B1
urgent,B1
western,B1
ultimate,C1
underwater,B2
unique,B2
urban,B2
valid,B2
vital,B2
waterproof,B2
weird,B2
well-paid,B2
worthwhile,B2
underpaid,C1
upper-class,C1
upward,C1
vague,C2
voluntary,C1
widespread,C1
working-class,C1
underway,C2
weary,C2
would-be,C2
up,B2
why,B1
yesterday,A1
twice,A2
upwards,C1
vice versa,C1
uphill,C2
whereabouts,C2
the upper class,C1
the working class,C1
yield,C2
bye,A1
Cheers!,B2
amongst,B2
at,B2
according to,B2
because of,B1
against,B2
another,A2
beside,A2
among,C1
by,B2
beneath,C2
a,A2
an,A1
both,A1
cannot,A1
amid,C2
anything,A1
anybody,B1
anyone,B1
concerning,B2
damn,B1
considering,B2
could,B1
despite,B1
every,B2
everything,A2
each,A1
congratulations,A2
during,A2
except,A2
everybody,A2
everyone,A2
goodbye,A1
hi,A1
hey,A2
good afternoon,A1
good evening,A1
good morning,A1
good night,A1
hello,A1
for,C1
few,B1
from,B2
into,B1
including,A2
following,B2
her,A1
his,A2
instead of,B1
he,A1
him,A1
I,A1
hers,A2
herself,B2
himself,B2
oneself,C1
oh,A1
out of,B2
itself,B1
many,A1
other,B1
of,C1
next to,A2
nothing,B1
none,B1
its,A1
my,A1
our,A1
might,B1
must,B2
ought to,B2
minus,A2
onto,B2
owing to,B2
me,A1
myself,B2
nobody,A2
no one,A2
ours,A2
ourselves,A2
regarding,B1
pardon,A2
plenty,B1
per,A2
shall,A2
towards,C1
some,C1
several,A2
something,A1
the,B2
their,B1
these,A1
those,A1
such,C2
should,B1
than,A2
times,B2
she,A1
them,B1
they,B2
somebody,A2
someone,A2
theirs,A2
themselves,B2
wow,A2
yeah,A2
upon,B2
whom,B2
via,B1
which,B2
whatever,B2
under,B2
with,B2
without,A2
within,C1
versus,C1
unlike,C2
what,B1
your,B1
whose,B1
whichever,B2
would,B2
us,A1
we,B1
who,B1
you,A2
yours,A2
yourself,B2
whoever,B2
